,0
0,0.19337496
1,-0.0041097812
2,-0.07837759
3,0.18171564
4,-0.14315552
5,-0.064574204
6,-0.21349278
7,-0.00010178983
8,-0.08893887
9,0.1083579
10,-0.08304688
11,-0.33553016
12,0.28775734
13,-0.051023316
14,-0.38550767
15,-0.025900152
16,-0.08228753
17,-0.16199484
18,0.1279518
19,-0.15736397
20,-0.25990623
21,-0.11835564
22,-0.14792809
23,0.18922967
24,-0.33186874
25,0.020266533
26,-0.14103037
27,-0.1092849
28,-0.07225268
29,-0.20526537
30,-0.043354183
31,-0.09137829
32,-0.09940794
33,-0.017858468
34,-0.079004064
35,0.011122793
36,-0.26570722
37,-0.06991681
38,-0.29730853
39,0.03252369
40,-0.02972532
41,0.05766034
42,-0.1083232
43,-0.2283771
44,0.04955358
45,-0.13498518
46,0.00033009425
47,-0.1489192
48,-0.28865933
49,-0.08099717
50,-0.3002422
51,-0.111665964
52,0.13205153
53,-0.054923035
54,0.07236201
55,-0.24974892
56,-0.13818419
57,-0.04211075
58,0.20027578
59,0.34766522
60,-0.18995896
61,-0.0364721
62,-0.25399497
63,-0.24512377
64,-0.20302188
65,-0.29809195
66,-0.106960215
67,-0.17692512
68,0.34974745
69,-0.105801664
70,0.095013924
71,-0.052659515
72,-0.1060293
73,0.3315843
74,0.030513138
75,0.13940635
76,-0.10822449
77,-0.04239466
78,-0.034602277
79,-0.109598495
80,-0.07901783
81,-0.08832731
82,-0.08518858
83,-0.12715253
84,-0.12560856
85,-0.18379
86,0.0036236867
87,-0.14686796
88,-0.14504488
89,0.08601481
90,-0.114669956
91,-0.073789895
92,-0.053799585
93,0.0699865
94,0.1409724
95,0.39704785
96,-0.037658803
97,-0.10417945
98,0.14554784
99,-0.27855852
100,-0.07518507
101,-0.028736627
102,-0.14423084
103,0.4115007
104,0.23925278
105,-0.16046923
106,-0.31474808
107,-0.34833464
108,-0.23105273
109,-0.005808428
110,-0.26033267
111,-0.2867914
112,-0.12096188
113,-0.2792858
114,-0.24489406
115,-0.060977984
116,-0.24011621
117,-0.18250588
118,0.016260643
119,-0.22109911
120,0.068278015
121,-0.13317703
122,-0.27845615
123,-0.16168818
124,-0.14321914
125,-0.02723372
126,-0.15031013
127,-0.058074795
128,0.038749725
129,-0.09101465
130,-0.31381282
131,-0.11622369
132,0.04753524
133,-0.13149194
134,-0.06775174
135,-0.13414228
136,-0.076914966
137,-0.028275225
138,-0.11781156
139,-0.30303952
140,-0.17513624
141,-0.3530825
142,-0.19907662
143,0.0987766
144,0.19119766
145,0.087890156
146,-0.09072301
147,-0.23132467
148,0.27159935
149,-0.2968143
150,-0.1644248
151,-0.0055897236
152,-0.20744422
153,-0.23757109
154,0.0022251382
155,-0.11142271
156,-0.16124523
157,-0.049569637
158,0.06832763
159,-0.13840523
160,0.09017994
161,-0.0878683
162,-0.09347614
163,-0.002672121
164,0.26434886
165,-0.149854
166,-0.15211941
167,0.0009183362
168,-0.11429946
169,-0.3452303
170,-0.28974935
171,-0.045228228
172,-0.022952525
173,-0.0782872
174,0.032046832
175,-0.11961469
176,-0.106337175
177,-0.08742118
178,-0.2629572
179,-0.019265324
180,-0.10750026
181,-0.069449455
182,-0.16980845
183,-0.24551114
184,-0.1476086
185,-0.05867306
186,-0.14530957
187,-0.12448393
188,-0.14674437
189,0.053425647
190,0.31123185
191,0.13362706
192,0.005051665
193,-0.12653935
194,-0.36381415
195,-0.17888257
196,-0.069452345
197,0.17606604
198,0.018047795
199,-0.04415829
200,-0.18389314
201,-0.057717264
202,-0.18288934
203,0.019086372
204,0.007503733
205,-0.13844284
206,0.044836886
207,0.00062767416
208,-0.13369392
209,-0.15925229
210,0.08848778
211,-0.22687408
212,-0.029143449
213,-0.11272415
214,0.034736335
215,-0.10596141
216,0.099676184
217,-0.027401902
218,-0.15643856
219,0.0023920536
220,0.06861829
221,-0.0030042604
222,0.15652171
223,-0.03920184
224,-0.07289307
225,-0.05905283
226,-0.15883896
227,0.16681343
228,-0.12013187
229,0.17407504
230,0.06508412
231,-0.2446819
232,-0.25219992
233,0.01207228
234,-0.049971163
235,-0.000529103
236,-0.13993038
237,-0.14753866
238,-0.229696
239,-0.22798827
240,-0.09979173
241,-0.018309984
242,0.075365335
243,-0.009785976
244,-0.30641362
245,-0.30573645
246,0.14782876
247,-0.17075232
248,-0.21500912
249,0.25053754
250,-0.24875101
251,-0.19811517
252,0.024423528
253,-0.073652774
254,-0.048831858
255,0.25835702
256,0.30729434
257,-0.32113585
258,0.313926
259,0.076968
260,-0.08549809
261,-0.16212645
262,-0.21534356
263,0.072707556
264,-0.17209506
265,0.0151791945
266,-0.116044536
267,-0.16061291
268,0.2550324
269,-0.036204904
270,0.22724274
271,-0.048167937
272,-0.007197704
273,-0.07382217
274,-0.25188613
275,-0.21342799
276,-0.19736642
277,-0.20323479
278,-0.011293501
279,-0.16481215
280,-0.1378038
281,-0.082221255
282,-0.11527088
283,0.015666775
284,-0.21424294
285,-0.021499697
286,-0.23399392
287,-0.11325727
288,0.028265752
289,-0.10004871
290,-0.011029214
291,-0.05227059
292,0.096632
293,0.063913725
294,-0.22763985
295,-0.12979826
296,-0.1837728
297,-0.30785152
298,-0.058446445
299,-0.11607151
300,-0.07779621
301,-0.103673674
302,-0.11507525
303,0.21725613
304,-0.06844744
305,0.13213441
306,0.025518853
307,0.33799833
308,-0.15010066
309,-0.1036728
310,-0.07789632
311,-0.3126909
312,-0.19203863
313,-0.040161565
314,0.098306425
315,-0.07105519
316,-0.11393344
317,-0.19933993
318,-0.054563567
319,-0.13898957
320,0.14169338
321,0.27513412
322,-0.10785024
323,-0.17699784
324,-0.004901221
325,0.019616045
326,-0.29579607
327,-0.13532695
328,-0.09987995
329,-0.03654019
330,0.039866768
331,-0.32087246
332,-0.0520437
333,-0.035266325
334,0.23220268
335,-0.2473264
336,0.13674086
337,-0.21147758
338,-0.16133073
339,-0.13300413
340,-0.2519411
341,-0.15466884
342,-0.08249279
343,-0.3015119
344,0.021349642
345,0.027352285
346,-0.17775834
347,-0.09635457
348,-0.122996435
349,0.04417327
350,-0.040469434
351,-0.15879554
352,-0.0584307
353,0.0700998
354,-0.03819164
355,0.05954098
356,-0.12087437
357,-0.03597139
358,-0.21885064
359,-0.21484321
360,-0.2141588
361,-0.11411633
362,-0.07722629
363,-0.08708413
364,-0.13341731
365,-0.06363213
366,-0.20962757
367,-0.03381966
368,-0.04644765
369,0.21025938
370,0.10055842
371,-0.24852994
372,-0.27484858
373,0.1620036
374,-0.10974932
375,-0.035838038
376,-0.2549414
377,-0.078410275
378,-0.096942864
379,0.17392424
380,0.4255105
381,0.03716158
382,-0.128612
383,-0.27800545
384,-0.059933208
385,-0.026670296
386,0.03163775
387,-0.17688
388,0.09144813
389,-0.030034661
390,-0.22440842
391,-0.0751309
392,-0.19954202
393,-0.008797929
394,-0.014495421
395,-0.22874469
396,-0.013861995
397,0.16212347
398,-0.114491515
399,-0.15718457
400,0.061822683
401,-0.22289407
402,-0.0031461641
403,-0.1538622
404,0.19736052
405,-0.014622953
406,-0.08302608
407,0.35952136
408,-0.031962425
409,0.04041388
410,-0.1644324
411,-0.013324007
412,0.105638705
413,0.011928968
414,0.061938897
415,-0.05054179
416,-0.0798893
417,-0.0754242
418,-0.075601205
419,-0.0931854
420,0.03386358
421,0.061000817
422,-0.0063994825
423,-0.20161921
424,0.010746554
425,-0.08559979
426,-0.1819514
427,0.12577662
428,0.030501135
429,-0.07501389
430,-0.24101073
431,-0.13096622
432,0.1452491
433,0.111734144
434,0.03646583
435,-0.13228932
436,-0.10091946
437,-0.12237961
438,-0.07284446
439,-0.2208598
440,-0.1483655
441,0.04342957
442,0.049425863
443,-0.092065275
444,-0.17507562
445,0.074860625
446,-0.05884987
447,0.1781742
448,-0.18863639
449,-0.106064074
450,0.053875834
451,-0.2518043
452,-0.09010826
453,0.06308938
454,-0.13448259
455,-0.007148914
456,-0.18732041
457,0.21353
458,-0.087958395
459,-0.05696969
460,-0.0068028644
461,-0.21826014
462,-0.15230417
463,-0.05244256
464,-0.08439109
465,-0.079353936
466,-0.09279956
467,0.112289496
468,0.012734123
469,-0.28284028
470,-0.3486494
471,-0.115383826
472,-0.06672329
473,-0.10307763
474,-0.16247022
475,-0.08032892
476,-0.25112364
477,-0.08838611
478,-0.16053995
479,0.03974831
480,-0.06123428
481,0.018438954
482,-0.16549003
483,-0.011685442
484,0.025397472
485,-0.058412276
486,-0.026300296
487,-0.11955595
488,0.22309232
489,-0.05714615
490,-0.02753275
491,0.1787005
492,-0.11007785
493,-0.17302236
494,-0.15454796
495,0.41814205
496,0.08979552
497,-0.18877134
498,-0.1238094
499,-0.120207034
500,-0.16647679
501,-0.05534211
502,-0.20087662
503,0.08544705
504,-0.24729106
505,-0.08839659
506,-0.21763805
507,-0.09534318
508,0.19888645
509,-0.09366381
510,0.0049250647
511,-0.24013165
512,-0.030646801
513,-0.078822695
514,-0.24402648
515,-0.019656565
516,-0.023089059
517,-0.09837063
518,-0.036480635
519,-0.11682224
520,0.18435198
521,-0.2685081
522,-0.17847288
523,-0.12193943
524,-0.1030109
525,-0.2622444
526,-0.26111957
527,-0.067814946
528,-0.13620067
529,-0.15916574
530,-0.099602565
531,0.2391761
532,0.14200637
533,-0.094665706
534,-0.07192847
535,-0.16768026
536,0.08665231
537,0.045468308
538,-0.04011962
539,-0.027064681
540,-0.12622507
541,-0.19483119
542,0.055133373
543,-0.04919415
544,0.036415875
545,-0.2556737
546,-0.23553902
547,-0.1858316
548,0.052506268
549,-0.3697482
550,-0.24167618
551,0.062449925
552,-0.21631163
553,-0.13686377
554,0.15789518
555,-0.10910997
556,-0.09884077
557,-0.3127605
558,-0.3808239
559,-0.25684705
560,-0.16195732
561,-0.10159217
562,-0.11169553
563,0.0296923
564,0.039529867
565,0.23890495
566,-0.306759
567,-0.2040843
568,0.018002227
569,-0.24406251
570,0.23069787
571,0.02562239
572,0.28608358
573,-0.23779091
574,-0.33514285
575,-0.13896263
576,0.30842003
577,0.0055779405
578,-0.035581395
579,-0.0502503
580,-0.1649212
581,-0.22010791
582,0.40500557
583,-0.04879988
584,-0.23299775
585,0.03980016
586,0.08665931
587,0.045240104
588,-0.08222955
589,-0.26146966
590,-0.021640398
591,-0.3429837
592,-0.08419117
593,-0.08413945
594,-0.14753741
595,-0.25235933
596,-0.023403369
597,-0.08497659
598,-0.14612576
599,-0.023280084
600,-0.17545557
601,-0.1363737
602,-0.048607793
603,-0.009650543
604,-0.0715893
605,0.023297355
606,-0.07936771
607,-0.08699045
608,0.34115347
609,-0.13783348
610,-0.3775294
611,-0.27628213
612,-0.058919698
613,-0.07940705
614,0.06632297
615,-0.104167424
616,0.011270676
617,0.02217047
618,-0.13286749
619,-0.13678174
620,-0.028591
621,0.094666906
622,0.00031179935
623,0.14864442
624,-0.25824136
625,0.20359293
626,-0.084153414
627,-0.30063978
628,-0.1834757
629,0.16825786
630,-0.32699475
631,0.23520848
632,-0.052872684
633,-0.052150927
634,0.016486771
635,-0.16794494
636,-0.18517852
637,-0.038219787
638,-0.08404872
639,-0.16861764
640,0.004607387
641,-0.09303225
642,-0.00045065582
643,-0.16874516
644,-0.10634247
645,0.005987875
646,0.07664879
647,0.2915269
648,-0.13473372
649,-0.056391127
650,-0.037573375
651,-0.08479214
652,-0.08111104
653,0.094037004
654,-0.14826538
655,-0.011144411
656,-0.024950871
657,-0.034808524
658,-0.12373981
659,-0.040523387
660,0.12258545
661,-0.38951758
662,-0.18285519
663,-0.01775488
664,-0.23351589
665,-0.18961099
666,0.018286355
667,-0.1355744
668,-0.22504357
669,-0.17107764
670,0.21619329
671,-0.15390798
672,0.34036297
673,-0.14032334
674,0.1921266
675,0.054448172
676,-0.032252274
677,-0.1031973
678,-0.08272039
679,-0.017595388
680,0.026214737
681,0.056267343
682,0.057159543
683,-0.15598997
684,-0.118726745
685,-0.012116428
686,-0.05140449
687,0.112276725
688,-0.107191525
689,-0.14177051
690,-0.043196052
691,-0.10651972
692,0.08501025
693,-0.09768209
694,-0.17375383
695,-0.13322654
696,-0.12654412
697,-0.081598304
698,-0.12404775
699,-0.03689311
700,-0.18729436
701,-0.3105428
702,0.26653907
703,-0.23507965
704,-0.102285236
705,-0.10887121
706,-0.04815671
707,-0.04320851
708,-0.019628339
709,-0.05282107
710,-0.19567564
711,-0.064998254
712,-0.23884812
713,0.063037604
714,-0.06125985
715,0.424811
716,-0.15955895
717,-0.12485049
718,-0.22485879
719,-0.093762204
720,-0.24119395
721,-0.1723916
722,0.055783153
723,-0.17504892
724,-0.10641747
725,-0.15397416
726,0.08229061
727,-0.05320873
728,-0.30830038
729,-0.23269066
730,-0.111206815
731,-0.05810076
732,-0.01641915
733,0.060241267
734,-0.20961285
735,-0.15359098
736,-0.2908744
737,-0.3281298
738,0.01208245
739,-0.04311511
740,-0.10044711
741,0.005689878
742,-0.10148596
743,0.10225474
744,-0.29946142
745,-0.14231426
746,-0.058466688
747,-0.32100797
748,-0.2947013
749,-0.3305225
750,-0.15438357
751,-0.011059806
752,-0.2776353
753,-0.21003106
754,-0.20415965
755,-0.28817204
756,-0.16312915
757,-0.079205245
758,-0.2481046
759,-0.10640014
760,0.03367672
761,-0.17246619
762,0.030236699
763,-0.035736542
764,-0.108857915
765,0.087430045
766,0.043765746
767,0.09417031
768,0.004482344
769,-0.2097913
770,-0.15941423
771,-0.22106299
772,-0.16511199
773,-0.11757856
774,-0.028438002
775,-0.020085603
776,0.40606734
777,-0.114482634
778,-0.17229638
779,-0.14361182
780,-0.3215194
781,-0.029760942
782,-0.34827277
783,0.081413396
784,-0.0788846
785,-0.08324143
786,0.18023935
787,0.18320808
788,0.004207827
789,-0.08545782
790,-0.1354187
791,-0.093901545
792,-0.13330397
793,0.31785166
794,-0.19652021
795,-0.065812096
796,-0.14459684
797,-0.18996984
798,-0.07522092
799,-0.048455846
800,-0.076833285
801,-0.028643413
802,0.007594254
803,-0.033395067
804,-0.07350369
805,-0.14313336
806,-0.13948388
807,-0.07970112
808,-0.10041653
809,-0.28622022
810,0.025451228
811,-0.17375666
812,-0.06300639
813,-0.0107688345
814,-0.14781141
815,0.03510496
816,0.17240146
817,-0.14005205
818,0.12921292
819,0.21983317
820,0.019556955
821,-0.0042703487
822,0.01425045
823,0.051908545
824,0.0023259819
825,0.097220205
826,0.2466546
827,-0.26158994
828,-0.07238086
829,0.06310666
830,-0.030818496
831,-0.049366858
832,-0.275008
833,-0.12409882
834,-0.018578313
835,-0.116095595
836,-0.042545475
837,-0.13520038
838,0.23265043
839,-0.13467386
840,0.067616336
841,-0.026498273
842,0.24909216
843,-0.12567623
844,-0.11882067
845,0.38538536
846,-0.05570993
847,-0.1415914
848,-0.11696005
849,-0.29439455
850,-0.17597532
851,-0.008097103
852,-0.252839
853,-0.048671257
854,-0.043755464
855,-0.08012696
856,0.09704103
857,-0.03530454
858,-0.016750738
859,-0.21996716
860,0.23938796
861,-0.22531739
862,0.06217649
863,0.043366678
864,0.10772065
865,-0.19610357
866,-0.15392539
867,-0.2777127
868,-0.17183062
869,0.06754298
870,-0.14872855
871,-0.029253867
872,0.05973515
873,-0.0053527355
874,0.12725464
875,-0.022004101
876,-0.28858444
877,-0.33720607
878,-0.23484549
879,0.24533886
880,-0.14760637
881,-0.07379113
882,0.107625894
883,0.00095402077
884,-0.11632605
885,-0.057186093
886,-0.0762357
887,-0.12674195
888,-0.22648355
889,0.3194807
890,-0.15103343
891,0.01888749
892,-0.15103278
893,0.045419857
894,0.23413202
895,-0.17538646
896,-0.2054672
897,0.0111981705
898,-0.19600883
899,-0.17105344
900,-0.36391225
901,-0.08339139
902,-0.08652493
903,-0.013521861
904,-0.18603873
905,0.2864565
906,-0.21566325
907,-0.07443618
908,-0.008907681
909,-0.13937709
910,-0.1443861
911,-0.006454721
912,-0.13726503
913,0.065906405
914,0.0016985908
915,0.17246121
916,-0.07664098
917,0.3317615
918,-0.16717505
919,-0.13555863
920,-0.19078982
921,0.030752607
922,0.00372516
923,0.49048248
924,-0.203787
925,-0.13570973
926,-0.2894133
927,0.024130378
928,-0.1230914
929,-0.11834934
930,-0.019051725
931,-0.3319631
932,0.3951756
933,-0.17181975
934,-0.20178002
935,-0.09454433
936,0.4775335
937,0.108473234
938,0.024646897
939,0.09027686
940,0.035349995
941,-0.13100272
942,-0.002667835
943,-0.03237402
944,0.3540715
945,-0.043630373
946,-0.1595892
947,-0.030762397
948,-0.24881619
949,-0.15820548
950,-0.1348378
951,-0.24354899
952,-0.022042787
953,-0.16995636
954,-0.15610763
955,-0.31608874
956,-0.10529763
957,-0.15711449
958,-0.2301015
959,-0.18135971
960,0.0091237575
961,0.4197258
962,-0.20368642
963,-0.19403058
964,-0.35123524
965,-0.23377329
966,-0.13982958
967,0.26460767
968,0.026055291
969,-0.17318687
970,-0.088188715
971,-0.18095732
972,-0.2872139
973,-0.24929628
974,-0.060328975
975,-0.12797822
976,-0.28677505
977,-0.024097966
978,-0.16440192
979,0.2628964
980,0.004430007
981,0.076207675
982,-0.19446042
983,-0.16743809
984,-0.26733276
985,-0.11967253
986,-0.025185572
987,-0.10432966
988,0.24442405
989,-0.13019127
990,-0.11820587
991,-0.1478822
992,-0.26172036
993,0.08155037
994,-0.2342622
995,-0.039549977
996,-0.0064260587
997,0.0678798
998,-0.14894813
999,0.32253513
1000,-0.32629237
1001,-0.03622612
1002,-0.034453012
1003,-0.18782508
1004,-0.19372651
1005,0.07250926
1006,-0.2689897
1007,-0.2540019
1008,-0.25317395
1009,-0.17095771
1010,0.005909294
1011,-0.05187113
1012,-0.20079926
1013,-0.279897
1014,-0.115277104
1015,-0.15820923
1016,-0.018413894
1017,-0.06649258
1018,-0.21906692
1019,-0.18973371
1020,-0.2788655
1021,-0.28792635
1022,-0.16612753
1023,-0.26602307
1024,-0.29117012
1025,-0.0947439
1026,-0.18834877
1027,0.15062112
1028,-0.2957065
1029,-0.013025761
1030,-0.1861437
1031,-0.11864739
1032,-0.116505004
1033,-0.20431134
1034,-0.10754915
1035,-0.04801855
1036,-0.18563792
1037,-0.25014845
1038,0.013095323
1039,-0.14419985
1040,-0.09072656
1041,-0.03548366
1042,-0.1419181
1043,0.22466457
1044,-0.3232523
1045,-0.21896422
1046,-0.36847857
1047,-0.30536473
1048,-0.37237585
1049,-0.23589972
1050,-0.5284935
1051,-0.2598382
1052,-0.009472951
1053,-0.46199438
1054,-0.2037229
1055,-0.16568732
1056,-0.11588786
1057,-0.065516636
1058,-0.20671123
1059,-0.121776156
1060,-0.24990386
1061,-0.28551137
1062,-0.2879868
1063,-0.11700345
1064,0.019704297
1065,-0.19168085
1066,-0.20513654
1067,-0.060962863
1068,-0.004020877
1069,-0.15853885
1070,-0.121583454
1071,-0.078514755
1072,-0.3038163
1073,-0.021806829
1074,-0.14165628
1075,-0.18057683
1076,-0.12689823
1077,-0.26901144
1078,-0.26339084
1079,-0.20724857
1080,-0.25894743
1081,-0.15137985
1082,-0.0013053603
1083,-0.1335011
1084,-0.2350699
1085,-0.23778579
1086,-0.17298076
1087,0.0035880543
1088,-0.0984713
1089,-0.29390937
1090,-0.145495
1091,-0.13315132
1092,-0.29988277
1093,-0.25748008
1094,0.010582976
1095,-0.23452547
1096,-0.21958598
1097,-0.11718978
1098,-0.17356408
1099,-0.068179116
1100,-0.16529682
1101,-0.11047761
1102,-0.07809253
1103,-0.19514495
1104,0.099512465
1105,-0.10993861
1106,-0.109123446
1107,-0.10332712
1108,-0.0050169826
1109,-0.114379585
1110,0.0043345243
1111,-0.4054546
1112,-0.09400053
1113,-0.20619884
1114,-0.30509433
1115,-0.15361468
1116,-0.2662912
1117,-0.21777648
1118,0.012667753
1119,-0.083972596
1120,-0.045142904
1121,0.03367252
1122,0.016602024
1123,-0.21183524
1124,-0.059665553
1125,-0.16735193
1126,-0.23333472
1127,-0.19111463
1128,-0.18024981
1129,-0.1435647
1130,-0.17997316
1131,-0.19492796
1132,-0.1405817
1133,-0.15054455
1134,-0.12507644
1135,-0.11888065
1136,-0.0755519
1137,-0.22207546
1138,-0.16907579
1139,-0.23141569
1140,-0.25296047
1141,-0.27369472
1142,-0.025172204
1143,-0.23219302
1144,-0.16541624
1145,-0.131587
1146,-0.12191988
1147,-0.001746051
1148,-0.34901005
1149,-0.31663927
1150,-0.19552588
1151,-0.29299524
1152,-0.21777466
1153,-0.21409136
1154,-0.24983138
1155,-0.15792173
1156,-0.09395002
1157,-0.0045055
1158,-0.26561362
1159,0.15393639
1160,-0.17173219
1161,-0.1495778
1162,-0.15755199
1163,-0.18342948
1164,-0.23296127
1165,-0.3353165
1166,-0.17612144
1167,-0.10280343
1168,-0.08007532
1169,-0.24326172
1170,-0.20765302
1171,-0.2780618
1172,-0.14239216
1173,-0.22189933
1174,-0.050052427
1175,-0.06524399
1176,-0.19357574
1177,-0.29275098
1178,-0.012894142
1179,-0.32101133
1180,-0.01977671
1181,-0.0647163
1182,-0.17401767
1183,-0.23667976
1184,-0.09811092
1185,-0.24738231
1186,-0.2044991
1187,-0.1516092
1188,-0.081843905
1189,-0.10239116
1190,-0.3191723
1191,-0.03269627
1192,-0.119233795
1193,-0.20405042
1194,-0.25030434
1195,-0.2665811
1196,-0.118658766
1197,-0.15206209
1198,-0.13090643
1199,-0.31076583
1200,-0.37194675
1201,-0.21581006
1202,-0.2542256
1203,-0.22608244
1204,-0.25387293
1205,-0.44399905
1206,-0.17141604
1207,-0.27132702
1208,-0.21460694
1209,-0.16050646
1210,-0.2116549
1211,-0.16217962
1212,-0.2574425
1213,-0.10170538
1214,-0.20850596
1215,-0.29432255
1216,-0.2145136
1217,-0.16976073
1218,-0.23281914
1219,-0.19497374
1220,-0.17876536
1221,-0.068998605
1222,-0.19987917
1223,0.019236498
1224,-0.13702779
1225,-0.29732177
1226,-0.18966743
1227,-0.22790357
1228,-0.15150565
1229,-0.24406117
1230,-0.31383872
1231,-0.26591673
1232,-0.30736533
1233,-0.2074498
1234,-0.20041656
1235,-0.18009189
1236,-0.09586527
1237,-0.19354808
1238,-0.11340214
1239,-0.26224867
1240,0.0023197718
1241,-0.23496386
1242,-0.101298764
1243,-0.3128732
1244,-0.055057034
1245,-0.120432295
1246,-0.06445233
1247,-0.11464973
1248,-0.15406337
1249,-0.09818248
1250,-0.13248004
1251,-0.31712785
1252,-0.4181511
1253,-0.18782559
1254,-0.04920674
1255,-0.03419076
1256,-0.16703051
1257,-0.33338884
1258,-0.14568734
1259,-0.17991635
1260,-0.1802167
1261,-0.1401186
1262,-0.3648768
1263,-0.1947904
1264,0.017445624
1265,-0.080819294
1266,-0.28060836
1267,-0.16584677
1268,-0.051771387
1269,-0.1589432
1270,-0.17497137
1271,0.0020833313
1272,-0.1546804
1273,-0.16098565
1274,-0.042901143
1275,-0.33217898
1276,-0.21672481
1277,-0.26007423
1278,0.19078669
1279,-0.050657637
1280,-0.22732803
1281,0.00775259
1282,-0.24089736
1283,-0.27204844
1284,-0.21783164
1285,-0.2827052
1286,-0.17829421
1287,-0.24120551
1288,-0.23994803
1289,-0.13340229
1290,-0.0011677817
1291,-0.20011482
1292,-0.058930725
1293,-0.06203872
1294,-0.30952135
1295,-0.117171414
1296,0.15100607
1297,-0.16288194
1298,-0.12113166
1299,-0.08044072
1300,-0.12678753
1301,-0.13363898
1302,-0.20733523
1303,-0.12683797
1304,0.05066987
1305,-0.13376151
1306,-0.24008024
1307,-0.19022074
1308,-0.1899924
1309,-0.20344612
1310,-0.05174824
1311,-0.43914643
1312,-0.247718
1313,-0.14233592
1314,-0.29769617
1315,-0.12598974
1316,-0.13870755
1317,-0.17694947
1318,-0.30364192
1319,-0.21296874
1320,-0.1971716
1321,0.006659247
1322,-0.19005013
1323,-0.1543251
1324,-0.11045305
1325,-0.28725395
1326,-0.28931203
1327,-0.30187562
1328,-0.1425941
1329,-0.32907093
1330,0.007312633
1331,-0.24092823
1332,-0.2045953
1333,-0.20215443
1334,0.02365274
1335,-0.25440595
1336,0.020935357
1337,-0.0523242
1338,-0.06144961
1339,-0.20338088
1340,-0.0065119863
1341,-0.28939763
1342,-0.12210915
1343,-0.23758304
1344,-0.08971268
1345,-0.08247458
1346,0.016701207
1347,-0.009166144
1348,-0.108412854
1349,-0.15480843
1350,-0.011551529
1351,-0.17784706
1352,-0.30960274
1353,-0.048052177
1354,-0.38603696
1355,0.04612606
1356,-0.34486142
1357,-0.19954363
1358,-0.12559724
1359,0.072113656
1360,-0.0023492277
1361,-0.2890258
1362,-0.06078719
1363,-0.2566179
1364,-0.07914017
1365,-0.18314254
1366,-0.124823675
1367,-0.14249974
1368,-0.12966445
1369,-0.052013412
1370,-0.088946275
1371,-0.07692487
1372,0.029763542
1373,-0.18766776
1374,-0.33353648
1375,-0.09812637
1376,-0.06449316
1377,-0.15097067
1378,-0.2214641
1379,-0.2642925
1380,-0.27798373
1381,-0.14194024
1382,-0.33655268
1383,-0.31975076
1384,-0.05277595
1385,0.1038283
1386,-0.1287026
1387,-0.33952734
1388,-0.1507267
1389,-0.30682263
1390,-0.084026165
1391,-0.30211052
1392,-0.3079517
1393,-0.23858583
1394,-0.24588346
1395,-0.01757855
1396,-0.22983131
1397,-0.31665853
1398,-0.219154
1399,-0.27856374
1400,-0.053936422
1401,-0.17667273
1402,-0.14430651
1403,-0.15628293
1404,-0.16247654
1405,-0.02126149
1406,-0.13271788
1407,-0.16827226
1408,-0.276478
1409,-0.121327184
1410,-0.09626189
1411,-0.27221918
1412,-0.32429722
1413,-0.38514188
1414,-0.11966845
1415,-0.3074715
1416,-0.21125579
1417,-0.072915815
1418,-0.28882697
1419,-0.25407317
1420,-0.0242122
1421,-0.31584898
1422,-0.3887888
1423,-0.2435784
1424,-0.16587204
1425,-0.14748695
1426,-0.07087263
1427,0.03129475
1428,-0.26343647
1429,-0.24680144
1430,-0.2239182
1431,0.022747189
1432,0.030881621
1433,-0.2667944
1434,-0.15597779
1435,0.0068924204
1436,-0.09084036
1437,0.21529233
1438,-0.20795298
1439,-0.18277946
1440,-0.053494334
1441,-0.23809433
1442,0.09865915
1443,-0.2186527
1444,-0.0837217
1445,-0.082134105
1446,-0.08272532
1447,-0.16744584
1448,-0.24525177
1449,-0.060335103
1450,-0.26800084
1451,-0.11758183
1452,-0.20332554
1453,-0.2855843
1454,-0.12323269
1455,-0.07748762
1456,-0.19293189
1457,-0.04243591
1458,-0.16740468
1459,-0.08289316
1460,-0.103241
1461,-0.14325777
1462,-0.3277175
1463,-0.106105454
1464,-0.20670521
1465,-0.13939252
1466,-0.079346
1467,-0.13534114
1468,-0.43623835
1469,-0.11453283
1470,-0.05004679
1471,-0.051301956
1472,-0.10559445
1473,0.043467365
1474,-0.1728164
1475,-0.32433924
1476,-0.21445084
1477,-0.13240677
1478,-0.151165
1479,-0.10271565
1480,-0.21092641
1481,-0.20411235
1482,-0.16592345
1483,-0.09985427
1484,-0.17973661
1485,-0.157027
1486,-0.30695784
1487,-0.14090353
1488,-0.038243633
1489,-0.22905442
1490,-0.021091275
1491,-0.3045487
1492,-0.04213755
1493,-0.08388488
1494,-0.10035738
1495,-0.16398662
1496,-0.01954896
1497,-0.36992952
1498,-0.30658802
1499,-0.1926102
1500,-0.2131015
1501,-0.21696424
1502,-0.20550439
1503,-0.13167684
1504,-0.16664186
1505,-0.21927473
1506,-0.15913358
1507,-0.086595535
1508,-0.13809124
1509,-0.14943749
1510,-0.14793538
1511,-0.1738801
1512,-0.22687936
1513,-0.153615
1514,-0.14200944
1515,-0.22340223
1516,-0.13489583
1517,-0.27774465
1518,-0.4084296
1519,-0.13562718
1520,-0.1773737
1521,-0.028818302
1522,-0.18073899
1523,-0.13382992
1524,-0.13011187
1525,-0.19130784
1526,-0.18355107
1527,-0.2654307
1528,-0.14678173
1529,-0.16013667
1530,-0.19753304
1531,-0.21297482
1532,-0.18188167
1533,-0.11334754
1534,-0.31515586
1535,-0.32040712
1536,-0.091803
1537,-0.2821013
1538,-0.20336977
1539,-0.21947542
1540,-0.17071459
1541,-0.22867098
1542,-0.19288212
1543,-0.1225233
1544,-0.07525853
1545,-0.17178646
1546,-0.007199459
1547,-0.21352512
1548,-0.15191834
1549,-0.06229531
1550,-0.20458123
1551,-0.07880679
1552,-0.14146051
1553,-0.29388884
1554,-0.18497157
1555,-0.22566241
1556,-0.1822991
1557,-0.0264599
1558,-0.19000646
1559,-0.17548504
1560,-0.17121664
1561,-0.10176123
1562,0.05523762
1563,-0.24572185
1564,-0.17443907
1565,-0.11534717
1566,-0.22470143
1567,-0.28935927
1568,-0.11441871
1569,-0.080176055
1570,-0.34926975
1571,-0.29431206
1572,-0.31265342
1573,-0.16049534
1574,-0.043405153
1575,-0.19574016
1576,-0.20874962
1577,-0.20387039
1578,-0.010425746
1579,-0.021454886
1580,-0.2323522
1581,-0.1996221
1582,-0.2310808
1583,-0.21269578
1584,-0.06705241
1585,-0.26283166
1586,-0.05792968
1587,-0.09057226
1588,-0.061451674
1589,-0.24612013
1590,-0.3149884
1591,-0.17518714
1592,-0.1858395
1593,-0.16337547
1594,-0.1113923
1595,-0.18271133
1596,-0.2442899
1597,-0.11464644
1598,-0.3816152
1599,0.035226144
1600,-0.2029506
1601,-0.22447336
1602,-0.24832687
1603,-0.028766073
1604,-0.23907003
1605,-0.19044465
1606,-0.1950739
1607,-0.16880572
1608,-0.2615705
1609,-0.25779173
1610,-0.029914346
1611,-0.06041745
1612,-0.2750328
1613,-0.29064497
1614,-0.11555158
1615,-0.09161831
1616,-0.18243247
1617,-0.1572245
1618,-0.031069987
1619,-0.26147348
1620,-0.09661374
1621,-0.19672972
1622,-0.21007168
1623,-0.287995
1624,-0.27936634
1625,-0.13736847
1626,-0.0867571
1627,-0.08053249
1628,-0.3922782
1629,-0.20727956
1630,-0.13451874
1631,-0.27071908
1632,0.06532487
1633,-0.3105798
1634,0.007035792
1635,-0.36201248
1636,-0.2212272
1637,-0.2652518
1638,-0.09078364
1639,-0.22662029
1640,-0.13195512
1641,-0.38192937
1642,-0.29881328
1643,-0.124922596
1644,-0.28871784
1645,-0.20309594
1646,-0.26132137
1647,-0.2001163
1648,-0.118512556
1649,-0.16999528
1650,-0.34609935
1651,-0.14532015
1652,-0.27649346
1653,-0.25073797
1654,-0.19493249
1655,-0.2857175
1656,-0.17878604
1657,-0.23087752
1658,-0.09082659
1659,-0.24235353
1660,-0.23405752
1661,-0.09665607
1662,-0.15083516
1663,-0.20297131
1664,-0.22905588
1665,-0.27867094
1666,-0.110271506
1667,-0.1599465
1668,-0.24119642
1669,-0.03747958
1670,-0.34670803
1671,-0.25292394
1672,-0.23916271
1673,0.040050976
1674,-0.2316125
1675,-0.2798871
1676,-0.19140291
1677,-0.22793514
1678,-0.32283923
1679,-0.20750156
1680,-0.14815922
1681,0.038320266
1682,-0.14725244
1683,-0.15121803
1684,-0.17014065
1685,-0.008114211
1686,-0.376734
1687,-0.19293171
1688,-0.18650362
1689,-0.2347655
1690,-0.20129454
1691,-0.35678217
1692,-0.35742995
1693,0.020756349
1694,-0.19920486
1695,-0.21917066
1696,-0.013332635
1697,-0.18934646
1698,-0.19861019
1699,-0.23591554
1700,-0.27126697
1701,-0.5472274
1702,-0.1784186
1703,-0.27265206
1704,-0.346518
1705,-0.16356343
1706,-0.026805915
1707,-0.14301145
1708,-0.09553319
1709,-0.15715744
1710,-0.16205677
1711,-0.059098437
1712,-0.20784274
1713,-0.36622706
1714,-0.15603831
1715,-0.34068435
1716,0.11585853
1717,0.12648743
1718,-0.04963264
1719,-0.19110051
1720,-0.023685664
1721,-0.01796782
1722,-0.1267947
1723,-0.11958897
1724,-0.05334308
1725,-0.36752072
1726,-0.21372086
1727,-0.26648763
1728,-0.2653976
1729,-0.20440382
1730,-0.09283451
1731,0.06754175
1732,-0.023024015
1733,-0.14656594
1734,-0.2884088
1735,-0.2275809
1736,-0.014379397
1737,-0.061057284
1738,-0.1534256
1739,-0.13889822
1740,-0.29657745
1741,-0.23447236
1742,-0.3803772
1743,0.18478197
1744,-0.2413578
1745,-0.01022622
1746,-0.035040997
1747,-0.16764504
1748,-0.1443375
1749,-0.20171344
1750,-0.32261315
1751,-0.24269602
1752,-0.22220618
1753,-0.019346349
1754,-0.23576534
1755,-0.18172377
1756,-0.14571625
1757,-0.111408226
1758,-0.07057911
1759,-0.27631274
1760,-0.24351022
1761,-0.29246825
1762,-0.11381304
1763,-0.28101557
1764,-0.16395056
1765,-0.0852519
1766,-0.3525302
1767,-0.10599447
1768,-0.23358843
1769,-0.17034364
1770,-0.20548049
1771,-0.21799845
1772,-0.08806753
1773,-0.20090333
1774,-0.20960861
1775,-0.28942367
1776,-0.22699416
1777,0.12515256
1778,-0.28740957
1779,-0.1090751
1780,-0.11611862
1781,-0.04692561
1782,-0.1946153
1783,-0.10783544
1784,-0.12443062
1785,-0.38147947
1786,0.023425035
1787,-0.28352696
1788,-0.09850405
1789,-0.07008524
1790,0.07901071
1791,-0.3088325
1792,-0.090695076
1793,-0.33197722
1794,0.048220307
1795,-0.35184363
1796,-0.052828
1797,-0.27692994
1798,-0.09443365
1799,-0.27706775
1800,-0.277507
1801,-0.09466791
1802,-0.16422397
1803,-0.29796836
1804,-0.2236996
1805,-0.20180097
1806,0.014901608
1807,-0.30151072
1808,0.0051618516
1809,0.025125027
1810,-0.20271093
1811,-0.26838872
1812,-0.09077133
1813,-0.014925076
1814,-0.10685153
1815,-0.096394844
1816,-0.27715543
1817,-0.24173152
1818,-0.11455812
1819,-0.3573992
1820,-0.29619768
1821,-0.14277875
1822,-0.18511453
1823,-0.001370877
1824,-0.0046690255
1825,-0.045026734
1826,-0.26652047
1827,-0.039202616
1828,-0.21375501
1829,-0.054093234
1830,-0.24336505
1831,-0.22549191
1832,-0.23040852
1833,-0.17043424
1834,-0.1607416
1835,0.012618154
1836,-0.20073429
1837,-0.19609118
1838,-0.13949305
1839,-0.27655196
1840,-0.2588516
1841,-0.20780513
1842,-0.2322942
1843,-0.3420488
1844,-0.19122708
1845,-0.29329255
1846,-0.17466816
1847,-0.40266213
1848,0.097881906
1849,-0.21423298
1850,-0.15862086
1851,-0.05876992
1852,-0.22144243
1853,-0.28725472
1854,-0.24901932
1855,-0.24324855
1856,0.011925701
1857,-0.25877157
1858,-0.21395373
1859,0.09699946
1860,-0.13676369
1861,-0.16075054
1862,-0.2355364
1863,-0.2127406
1864,-0.25932154
1865,-0.26695862
1866,-0.22786379
1867,-0.30997488
1868,-0.22765356
1869,-0.19286132
1870,-0.28717437
1871,-0.041501507
1872,-0.2866643
1873,-0.23105034
1874,-0.1381567
1875,-0.29436576
1876,-0.074930996
1877,-0.17410699
1878,-0.1751531
1879,-0.18659523
1880,-0.3210279
1881,-0.15221679
1882,-0.14639941
1883,-0.08895215
1884,-0.27311164
1885,-0.2654936
1886,-0.30635595
1887,-0.23182932
1888,-0.3149902
1889,-0.20432743
1890,-0.14412166
1891,-0.31482226
1892,-0.100614786
1893,-0.18305615
1894,-0.22558194
1895,-0.51674855
1896,-0.26905143
1897,-0.10990476
1898,-0.38150236
1899,-0.25828522
1900,-0.184257
1901,-0.043690443
1902,-0.11470542
1903,-0.0053605214
1904,-0.026905535
1905,-0.19830099
1906,-0.1093382
1907,-0.25675654
1908,-0.14197356
1909,-0.20932278
1910,-0.061025992
1911,-0.07568926
1912,-0.18675244
1913,-0.17374602
1914,-0.07330218
1915,-0.13854638
1916,-0.14013782
1917,-0.33634993
1918,-0.233601
1919,-0.0857185
1920,-0.21725318
1921,-0.18851197
1922,-0.08022961
1923,-0.045810528
1924,-0.122553505
1925,-0.15803486
1926,-0.2443018
1927,-0.08339308
1928,-0.25240535
1929,-0.1584849
1930,-0.2361286
1931,-0.21888152
1932,-0.2237728
1933,-0.015800726
1934,-0.16303775
1935,-0.19625118
1936,-0.30632755
1937,-0.3727207
1938,-0.112419605
1939,-0.101964146
1940,-0.14270206
1941,-0.08414695
1942,-0.06477285
1943,-0.08909115
1944,-0.24017748
1945,-0.019554324
1946,-0.08383275
1947,-0.067360125
1948,-0.331798
1949,-0.3369649
1950,-0.29013127
1951,-0.04692205
1952,-0.04578276
1953,-0.21763965
1954,-0.14471886
1955,-0.26070765
1956,-0.12833843
1957,-0.036749642
1958,-0.098986164
1959,-0.17405063
1960,-0.04236497
1961,-0.22308996
1962,-0.16129178
1963,-0.19849125
1964,-0.33262122
1965,-0.035064146
1966,-0.21741527
1967,-0.18471962
1968,-0.26897404
1969,-0.033733077
1970,-0.261837
1971,-0.3464085
1972,-0.09944567
1973,-0.14047673
1974,-0.1643565
1975,-0.21377239
1976,-0.15093642
1977,-0.19073796
1978,-0.1947141
1979,-0.253936
1980,-0.20764047
1981,-0.15679914
1982,-0.32048503
1983,-0.09716669
1984,-0.44938788
1985,-0.2368069
1986,-0.2599718
1987,-0.118930645
1988,-0.32307824
1989,-0.18977544
1990,-0.10224791
1991,-0.19599473
1992,-0.2203111
1993,-0.18431532
1994,-0.30418378
1995,-0.35796788
1996,-0.3822892
1997,-0.057391457
1998,-0.06732872
1999,-0.042851537
2000,-0.28399482
2001,-0.13873768
2002,-0.21871683
2003,-0.2728632
2004,-0.19500583
2005,-0.22793275
2006,-0.22895318
2007,-0.2806085
2008,-0.07095541
2009,-0.3566525
2010,-0.21650794
2011,-0.29152164
2012,-0.22975245
2013,-0.059930876
2014,-0.19544047
2015,-0.30752793
2016,-0.062369786
2017,-0.19250402
2018,-0.08068301
2019,-0.36909336
2020,-0.099792615
2021,-0.13554743
2022,0.15407121
2023,-0.085554935
2024,-0.2055431
2025,-0.088970624
2026,-0.36861756
2027,-0.078359365
2028,-0.18582138
2029,-0.014515871
2030,-0.24772039
2031,-0.13311741
2032,-0.27420318
2033,-0.10084846
2034,-0.051474094
2035,0.023598924
2036,-0.26165402
2037,-0.2238782
2038,-0.4298865
2039,-0.064069495
2040,0.0016268492
2041,-0.14914209
2042,-0.019601107
2043,-0.11012963
2044,-0.17049554
2045,-0.13383727
2046,-0.26241305
2047,-0.22685319
2048,-0.23187226
2049,-0.08445098
2050,-0.17035368
2051,-0.097704925
2052,-0.27137113
2053,-0.2050187
2054,-0.048807956
2055,0.005223781
2056,-0.044745855
2057,-0.34486136
2058,-0.2788578
2059,-0.241429
2060,0.15631545
2061,-0.17697164
2062,-0.19481272
2063,-0.053883426
2064,-0.05687371
2065,0.01205951
2066,-0.18928254
2067,-0.02167949
2068,-0.022810722
2069,-0.046173986
2070,-0.1597035
2071,-0.057453506
2072,-0.26702508
2073,-0.2810702
2074,-0.23318395
2075,-0.22230089
2076,0.06064155
2077,-0.2579098
2078,-0.28732333
2079,0.024320073
2080,-0.14657441
2081,-0.24399236
2082,-0.14851594
2083,-0.1606766
2084,-0.28830323
2085,-0.1165111
2086,-0.03705646
2087,-0.17336273
2088,-0.1832008
2089,-0.12590082
2090,-0.08777518
2091,-0.23355734
2092,-0.05460363
2093,-0.2609618
2094,-0.14945588
2095,-0.15826833
2096,-0.28538948
2097,-0.07387791
2098,-0.22509664
2099,-0.01929494
2100,-0.14244154
2101,-0.11889607
2102,-0.16569766
2103,-0.03278424
2104,-0.13711211
2105,-0.17574772
2106,-0.18648356
2107,-0.26997015
2108,-0.19615391
2109,-0.24060965
2110,-0.22731298
2111,-0.11967252
2112,-0.3424407
2113,-0.19364071
2114,-0.18572068
2115,-0.08820812
2116,-0.4082496
2117,0.10765942
2118,-0.23385018
2119,-0.14153403
2120,-0.19938454
2121,-0.10298374
2122,-0.089293
2123,-0.19535962
2124,-0.24714571
2125,-0.31477594
2126,-0.17816886
2127,-0.35688666
2128,-0.17465347
2129,-0.10751614
2130,-0.18494022
2131,0.10932348
2132,-0.16089267
2133,-0.1979436
2134,-0.041648522
2135,-0.31893897
2136,-0.17175367
2137,-0.32891867
2138,-0.15790406
2139,-0.14610809
2140,-0.015764907
2141,-0.050729267
2142,-0.25490925
2143,-0.17220077
2144,-0.3533129
2145,-0.028380908
2146,-0.29675558
2147,-0.23047644
2148,-0.29499623
2149,-0.21569806
2150,-0.15320542
2151,-0.15315342
2152,-0.21713158
2153,-0.19925797
2154,-0.09497757
2155,-0.13502392
2156,-0.20051122
2157,-0.18011442
2158,-0.3231143
2159,-0.24434987
2160,-0.20857227
2161,-0.34770903
2162,-0.042339068
2163,-0.3369837
2164,-0.33353576
2165,-0.24425995
2166,-0.21625447
2167,-0.161026
2168,-0.16648734
2169,-0.18745598
2170,-0.35383078
2171,-0.074110515
2172,-0.12775281
2173,-0.1182839
2174,-0.19150677
2175,-0.3072259
2176,-0.134406
2177,-0.26351723
2178,-0.009870488
2179,-0.13071826
2180,-0.07853726
2181,-0.2935535
2182,-0.12940228
2183,-0.061356485
2184,-0.23835704
2185,-0.099172354
2186,-0.2470167
2187,-0.278742
2188,-0.09624111
2189,-0.19618896
2190,-0.14249906
2191,-0.16036987
2192,-0.38818133
2193,-0.17470476
2194,-0.46233997
2195,-0.24725637
2196,0.019376583
2197,-0.25665396
2198,0.035462514
2199,-0.3451148
2200,-0.24064434
2201,-0.1916981
2202,-0.27869123
2203,-0.21954253
2204,-0.14553057
2205,-0.08098112
2206,-0.1339046
2207,-0.15545568
2208,-0.26994035
2209,-0.2038095
2210,-0.32122985
2211,-0.15816
2212,-0.13713637
2213,-0.0782277
2214,-0.26405868
2215,-0.27811962
2216,-0.082789406
2217,-0.20470592
2218,-0.064600505
2219,-0.2178986
2220,-0.23330262
2221,-0.2011019
2222,-0.19040522
2223,-0.32718766
2224,-0.03894992
2225,-0.19292146
2226,-0.1825343
2227,-0.07581
2228,-0.29582715
2229,-0.025166042
2230,-0.12654725
2231,-0.24714828
2232,-0.029885873
2233,-0.39053425
2234,-0.32002464
2235,-0.16137108
2236,-0.24799952
2237,-0.17090708
2238,-0.34408063
2239,-0.088695295
2240,-0.021456659
2241,-0.03201147
2242,-0.06838874
2243,-0.31857994
2244,-0.44163796
2245,-0.26255664
2246,-0.26102164
2247,0.06290174
2248,-0.2993136
2249,0.035042338
2250,-0.11344317
2251,0.045371428
2252,-0.14833069
2253,-0.066246204
2254,-0.29940626
2255,-0.13035084
2256,-0.021683551
2257,-0.093152784
2258,-0.2836185
2259,-0.3614592
2260,0.012050398
2261,-0.21401611
2262,-0.054958254
2263,-0.11717682
2264,-0.26515728
2265,-0.04488148
2266,-0.16954762
2267,-0.19139495
2268,-0.26887137
2269,-0.16555312
2270,-0.13909186
2271,-0.29628995
2272,-0.15385005
2273,-0.27478728
2274,-0.14347215
2275,-0.32224756
2276,-0.16191876
2277,-0.17195693
2278,-0.3989245
2279,-0.07209347
2280,-0.03212665
2281,-0.16791803
2282,-0.2105867
2283,0.0010193288
2284,-0.17528382
2285,-0.29223052
2286,-0.29262
2287,-0.29289663
2288,-0.4048514
2289,-0.087076575
2290,-0.24062997
2291,-0.052683793
2292,-0.18101922
2293,-0.029375017
2294,-0.19034386
2295,-0.25700566
2296,-0.22821298
2297,-0.105602354
2298,-0.06443697
2299,-0.2954191
2300,-0.12367409
2301,-0.1974836
2302,-0.27731967
2303,-0.1664876
2304,-0.022393256
2305,0.09266717
2306,-0.046595566
2307,-0.2903809
2308,-0.30064988
2309,-0.15656972
2310,-0.21335924
2311,-0.28932723
2312,0.039008394
2313,-0.16396937
2314,-0.11425362
2315,-0.18088305
2316,-0.15390915
2317,-0.1622406
2318,-0.38665
2319,-0.048847523
2320,-0.035073463
2321,-0.13715592
2322,-0.2258614
2323,-0.17491788
2324,-0.030968491
2325,-0.21565068
2326,-0.15122865
2327,-0.0780568
2328,-0.20238557
2329,-0.23252535
2330,-0.09911178
2331,-0.0994886
2332,-0.19298628
2333,-0.14407161
2334,-0.060388695
2335,-0.05544646
2336,-0.3836085
2337,-0.26070857
2338,-0.28148022
2339,-0.12814924
2340,-0.13754404
2341,-0.056864563
2342,-0.30205062
2343,-0.08057369
2344,-0.34993127
2345,-0.1079721
2346,-0.21824485
2347,-0.19058108
2348,-0.34063575
2349,-0.1079893
2350,0.00096901506
2351,-0.2592187
2352,-0.16791636
2353,0.13019499
2354,-0.24351367
2355,-0.19810751
2356,-0.23200136
2357,-0.15950182
2358,-0.2961972
2359,0.017411128
2360,-0.32969943
2361,-0.16064075
2362,-0.19912612
2363,-0.1127658
2364,0.07658427
2365,-0.16293499
2366,-0.069426
2367,-0.012391962
2368,0.14567095
2369,-0.113189235
2370,-0.13369274
2371,-0.06974924
2372,-0.26255366
2373,-0.07074013
2374,-0.0953822
2375,-0.0981622
2376,0.020939462
2377,-0.2584323
2378,-0.22056061
2379,-0.1389322
2380,-0.116709456
2381,-0.134273
2382,-0.35409144
2383,-0.26796278
2384,-0.21259937
2385,-0.28770384
2386,-0.42472586
2387,0.019220304
2388,-0.17804796
2389,-0.18726724
2390,-0.20443714
2391,-0.2220346
2392,-0.18479401
2393,-0.096101284
2394,-0.16281876
2395,-0.18596894
2396,-0.098553866
2397,-0.2130037
2398,-0.18157986
2399,-0.18845025
2400,-0.14465016
2401,0.0013363063
2402,-0.16229165
2403,-0.09016648
2404,-0.15165126
2405,-0.24299535
2406,-0.2241233
2407,-0.20243901
2408,-0.31984696
2409,-0.29386786
2410,0.12812346
2411,-0.30359575
2412,-0.21462145
2413,-0.30208573
2414,-0.19314909
2415,-0.33835492
2416,-0.11224461
2417,-0.2407678
2418,-0.27244276
2419,-0.24255264
2420,-0.16621467
2421,-0.067460686
2422,-0.20346522
2423,-0.16633978
2424,-0.111387044
2425,-0.12585974
2426,-0.1261642
2427,-0.06022925
2428,0.021687478
2429,-0.3740094
2430,-0.27101606
2431,-0.11419589
2432,-0.19547102
2433,-0.14406279
2434,-0.13572362
2435,-0.20611191
2436,-0.27789477
2437,-0.12851825
2438,-0.13980955
2439,-0.07098553
2440,-0.017079115
2441,-0.15313257
2442,-0.20830631
2443,-0.21389055
2444,-0.1578264
2445,-0.16882947
2446,-0.003525883
2447,-0.14956334
2448,-0.1716648
2449,-0.19747931
2450,-0.21287677
2451,0.021876797
2452,-0.24156606
2453,-0.068878986
2454,-0.35390115
2455,-0.332885
2456,-0.17084566
2457,-0.057025727
2458,-0.123206675
2459,-0.12191665
2460,-0.21490285
2461,-0.15613694
2462,-0.12838519
2463,-0.119430326
2464,-0.26770213
2465,-0.29965898
2466,-0.26366076
2467,-0.35595533
2468,-0.20965949
2469,-0.21905145
2470,-0.25692788
2471,-0.1991997
2472,-0.0919115
2473,-0.15184933
2474,-0.2953218
2475,-0.36075813
2476,-0.22125247
2477,-0.15333356
2478,-0.13833737
2479,-0.2187433
2480,-0.0045365468
2481,-0.28513974
2482,-0.08536545
2483,-0.17488614
2484,-0.2532514
2485,-0.23880482
2486,-0.28142226
2487,-0.1353398
2488,-0.38742432
2489,-0.32108492
2490,0.010730259
2491,-0.11177958
2492,-0.14066145
2493,-0.29560968
2494,-0.20635065
2495,-0.06175726
2496,-0.24797642
2497,-0.11758115
2498,-0.088662565
2499,-0.18469873
2500,-0.2213606
2501,-0.1504953
2502,-0.24121508
2503,-0.07869087
2504,0.024604548
2505,-0.1866121
2506,-0.15186004
2507,-0.24616334
2508,-0.21217412
2509,-0.26454735
2510,-0.126396
2511,-0.113805525
2512,-0.09383952
2513,-0.16781133
2514,-0.12975883
2515,-0.10249554
2516,-0.28882048
2517,-0.2614348
2518,-0.1716496
2519,-0.07172465
2520,0.20172966
2521,-0.122733705
2522,-0.14626378
2523,-0.30131805
2524,-0.22329432
2525,-0.09154252
2526,-0.20141163
2527,-0.22810757
2528,-0.2880775
2529,0.09109382
2530,-0.23887658
2531,-0.30099663
2532,-0.21893811
2533,-0.19907954
2534,-0.3363965
2535,-0.26397577
2536,-0.19662759
2537,-0.10732453
2538,-0.21375936
2539,-0.16922295
2540,-0.3435698
2541,-0.27553913
2542,-0.17646092
2543,-0.23313054
2544,-0.16902584
2545,-0.17246783
2546,-0.26171613
2547,-0.026906535
2548,-0.18703556
2549,0.01919429
2550,-0.27056998
2551,-0.25157526
2552,-0.15355033
2553,-0.12768926
2554,-0.27499357
2555,-0.280451
2556,-0.28487357
2557,-0.31209096
2558,0.057570554
2559,-0.29653832
2560,0.0150259435
2561,-0.16307071
2562,-0.1080726
2563,-0.2845702
2564,-0.15215099
2565,-0.039317653
2566,0.027118087
2567,-0.14635219
2568,-0.24823743
2569,-0.25273705
2570,-0.1462469
2571,-0.2987839
2572,-0.34492296
2573,-0.11676564
2574,-0.09605759
2575,-0.106126614
2576,0.22772554
2577,-0.29311395
2578,-0.32102782
2579,-0.39853638
2580,-0.10383965
2581,-0.23786682
2582,-0.03001593
2583,-0.42968568
2584,-0.11236712
2585,-0.15269671
2586,-0.030803498
2587,-0.094482966
2588,-0.24253795
2589,-0.20661068
2590,-0.114242494
2591,-0.12144861
2592,0.043367304
2593,-0.15195689
2594,-0.16599622
2595,-0.17327586
2596,-0.12160053
2597,-0.14629336
2598,-0.062787876
2599,-0.2943903
2600,-0.19134554
2601,0.0061022714
2602,-0.18604988
2603,-0.26515216
2604,-0.104309745
2605,0.006570205
2606,-0.24728233
2607,-0.25943565
2608,-0.14928588
2609,-0.27070832
2610,0.073696114
2611,-0.27824184
2612,-0.06625894
2613,-0.27203372
2614,-0.0022312328
2615,-0.15519032
2616,-0.07877817
2617,-0.066252194
2618,-0.00991866
2619,-0.13895416
2620,-0.06449937
2621,0.026726946
2622,-0.17996225
2623,-0.0258696
2624,-0.2389831
2625,-0.33740103
2626,0.086852826
2627,-0.08746382
2628,-0.11997275
2629,-0.1102588
2630,-0.14108738
2631,-0.35002738
2632,-0.38167682
2633,-0.22283256
2634,-0.29500613
2635,-0.077833876
2636,-0.12835434
2637,-0.108217046
2638,-0.14105152
2639,-0.024475876
2640,-0.24037373
2641,2.5212765e-05
2642,-0.09398319
2643,-0.14301667
2644,-0.12147197
2645,-0.31070513
2646,-0.08333845
2647,-0.15081356
2648,-0.14041758
2649,-0.057255704
2650,-0.042323418
2651,-0.3502576
2652,0.013110712
2653,-0.20055667
2654,-0.2612023
2655,0.08342829
2656,-0.20352092
2657,0.0046955124
2658,-0.20465913
2659,-0.17278188
2660,-0.25507224
2661,-0.19069588
2662,-0.24723557
2663,-0.21662477
2664,-0.3601776
2665,-0.10578638
2666,-0.07464693
2667,-0.07527707
2668,-0.13514227
2669,-0.3093224
2670,-0.098438025
2671,-0.2024149
2672,-0.14868459
2673,-0.10893148
2674,-0.091351815
2675,-0.063618615
2676,-0.15394202
2677,-0.33514103
2678,-0.15280527
2679,-0.30567557
2680,-0.42312333
2681,-0.33757976
2682,-0.25805667
2683,-0.2962027
2684,-0.115163155
2685,-0.28348604
2686,-0.37798318
2687,-0.18003398
2688,-0.16424984
2689,-0.0752613
2690,-0.14162692
2691,-0.18505126
2692,-0.22302511
2693,-0.22092
2694,-0.20536709
2695,-0.17993098
2696,-0.3302476
2697,-0.12375108
2698,-0.06377581
2699,-0.35267755
2700,-0.22345096
2701,-0.34920985
2702,-0.046394497
2703,-0.12408084
2704,0.06337394
2705,-0.281204
2706,-0.37563047
2707,-0.09677317
2708,-0.17438525
2709,-0.2465539
2710,-0.2690313
2711,-0.2593313
2712,-0.17505455
2713,-0.06649848
2714,-0.33959413
2715,-0.28701708
2716,-0.33053675
2717,-0.07323103
2718,0.1311385
2719,-0.086122505
2720,-0.35883734
2721,-0.09287558
2722,-0.23357964
2723,-0.118404634
2724,-0.24508628
2725,-0.08172565
2726,-0.29912713
2727,0.01995767
2728,-0.07795402
2729,-0.15206845
2730,-0.22170225
2731,-0.23409903
2732,-0.2213698
2733,-0.14577293
2734,-0.25975612
2735,-0.36282682
2736,-0.2314654
2737,-0.34524104
2738,-0.1462369
2739,-0.19712445
2740,-0.13457602
2741,-0.32769638
2742,-0.33823356
2743,0.04384391
2744,-0.32910126
2745,-0.16324589
2746,-0.18926471
2747,-0.23073867
2748,-0.22966304
2749,-0.22457558
2750,-0.39052212
2751,-0.2634844
2752,-0.10005907
2753,-0.03885536
2754,-0.18750489
2755,-0.086798266
2756,-0.3203166
2757,-0.42624596
2758,-0.19159478
2759,-0.1347534
2760,-0.22991419
2761,-0.20258471
2762,-0.1803686
2763,-0.06026122
2764,-0.0888342
2765,-0.123833545
2766,-0.21027759
2767,-0.08762116
2768,-0.3251374
2769,-0.31150487
2770,-0.19080895
2771,-0.13857827
2772,-0.07037509
2773,-0.25371826
2774,-0.22752756
2775,-0.31766582
2776,-0.17685089
2777,-0.27510872
2778,-0.1378009
2779,-0.19056743
2780,-0.16618785
2781,-0.15258268
2782,-0.06973298
2783,-0.053265292
2784,-0.18962824
2785,-0.13051909
2786,0.028708562
2787,-0.17012349
2788,-0.21293539
2789,-0.18511894
2790,-0.045671023
2791,-0.15413082
2792,-0.22656766
2793,-0.2183553
2794,-0.2871357
2795,-0.32056868
2796,-0.077664874
2797,-0.052231558
2798,-0.18862888
2799,-0.24086908
2800,-0.16732612
2801,-0.11255861
2802,-0.20576662
2803,-0.22145793
2804,-0.2370387
2805,-0.2909795
2806,-0.10294946
2807,-0.2717515
2808,-0.19226962
2809,-0.2054913
2810,-0.39078084
2811,-0.1506596
2812,-0.11042271
2813,-0.1501077
2814,-0.1589008
2815,-0.20149285
2816,-0.16225693
2817,-0.2866496
2818,-0.090707876
2819,0.033524133
2820,0.076332785
2821,-0.30125502
2822,-0.27227086
2823,-0.36340666
2824,-0.19151205
2825,-0.24464816
2826,-0.22549397
2827,-0.11966832
2828,-0.010318596
2829,-0.19606784
2830,-0.14344212
2831,-0.17456073
2832,-0.14781001
2833,-0.20495987
2834,-7.776916e-05
2835,-0.24505296
2836,-0.15812302
2837,-0.1142912
2838,-0.14344934
2839,-0.3091733
2840,-0.17579305
2841,0.03659281
2842,-0.22297642
2843,-0.24915338
2844,-0.3564635
2845,-0.16867054
2846,-0.1607885
2847,-0.10389851
2848,-0.16902953
2849,0.03420815
2850,-0.24622405
2851,-0.1932154
2852,-0.27922013
2853,-0.20933843
2854,-0.11873421
2855,-0.121052
2856,-0.14210904
2857,-0.18949285
2858,-0.0050727054
2859,-0.1512413
2860,-0.3560976
2861,-0.2987323
2862,-0.17809835
2863,-0.13075475
2864,-0.18491569
2865,-0.21958691
2866,-0.048093043
2867,-0.20073146
2868,-0.1274178
2869,-0.2717036
2870,-0.19998372
2871,-0.08792086
2872,-0.17966738
2873,-0.1761375
2874,-0.1901643
2875,-0.3513988
2876,0.28049344
2877,-0.15958682
2878,-0.2664651
2879,-0.27676055
2880,-0.1043151
2881,-0.109064326
2882,-0.24098986
2883,-0.29364026
2884,-0.20027992
2885,-0.1824379
2886,-0.24672094
2887,-0.21247798
2888,-0.0954823
2889,-0.28263903
2890,-0.39809793
2891,-0.27238005
2892,-0.17434427
2893,-0.09696296
2894,-0.053247374
2895,-0.04933945
2896,-0.20638171
2897,-0.21596476
2898,-0.2526786
2899,-0.07654557
2900,-0.1261636
2901,-0.21628806
2902,-0.3157144
2903,-0.20768905
2904,-0.098851584
2905,-0.09601015
2906,-0.04639004
2907,-0.16839695
2908,-0.25512373
2909,-0.10534551
2910,-0.36699566
2911,-0.40117982
2912,-0.17165428
2913,0.12313526
2914,-0.07704319
2915,0.06293119
2916,-0.103300914
2917,-0.057089284
2918,-0.31838498
2919,-0.22381008
2920,-0.13136008
2921,-0.12698087
2922,-0.17551664
2923,-0.12673323
2924,-0.2759856
2925,-0.2542907
2926,-0.17898163
2927,-0.19226122
2928,-0.18812424
2929,-0.069485694
2930,-0.079743676
2931,-0.18517822
2932,-0.25024667
2933,-0.46137387
2934,-0.14496043
2935,-0.15981075
2936,-0.17516798
2937,0.075727925
2938,-0.29420158
2939,-0.3233734
2940,-0.0026231334
2941,-0.12806359
2942,-0.27928144
2943,-0.12581623
2944,0.04986082
2945,-0.12720813
2946,-0.12841699
2947,-0.09898986
2948,-0.12957126
2949,-0.33173248
2950,-0.09215099
2951,0.19031903
2952,-0.3225366
2953,-0.20650157
2954,-0.054471172
2955,-0.15148327
2956,-0.0677904
2957,-0.17518073
2958,-0.31729755
2959,-0.30346313
2960,0.10671017
2961,0.013603352
2962,-0.25033352
2963,-0.2684228
2964,-0.08849171
2965,-0.18385965
2966,-0.24041215
2967,-0.2541839
2968,-0.06915902
2969,-0.20532686
2970,-0.20724306
2971,-0.17031375
2972,-0.18329424
2973,-0.24103847
2974,-0.18766499
2975,-0.17587927
2976,-0.12922636
2977,-0.230553
2978,-0.14713448
2979,-0.11110839
2980,-0.011341281
2981,-0.16211763
2982,-0.033583418
2983,-0.21420881
2984,-0.1851395
2985,0.077570505
2986,-0.07350287
2987,-0.3796269
2988,-0.06046824
2989,-0.018351316
2990,-0.15009096
2991,-0.19140387
2992,0.14632165
2993,-0.24593064
2994,-0.08130464
2995,-0.35601836
2996,-0.2296105
2997,-0.22964609
2998,-0.18531752
2999,-0.26885694
