,0,1,2,3,4,5,6,7,8
0,-3.15885,-4.529156,-2.5807278,-4.148596,-6.8178797,-4.385433,-4.499416,-3.4940329,-5.042311
1,-3.15885,-4.529156,-2.5807278,-4.148596,-6.8178797,-4.385433,-4.499416,-3.4940329,-5.042311
2,-0.719304,-0.22596397,0.30294505,-1.8312163,-4.393785,-2.5172403,0.24757014,-3.4528935,-0.86518943
3,-0.36030367,-1.1915777,-1.915534,-2.5341237,-10.467479,-3.8657882,-0.7495662,-4.6288795,-2.4092515
4,-1.2326239,-1.8102204,-1.0160154,-1.4701104,-5.4857006,-3.8992429,-2.2204065,-3.2034128,-1.2015408
5,-1.2326239,-1.8102204,-1.0160154,-1.4701104,-5.4857006,-3.8992429,-2.2204065,-3.2034128,-1.2015408
6,0.5865674,-1.784597,-3.330884,-2.955934,-5.9557924,-2.9402916,2.0837312,-3.5852277,-3.586566
7,0.5865674,-1.784597,-3.330884,-2.955934,-5.9557924,-2.9402916,2.0837312,-3.5852277,-3.586566
8,0.18684869,-0.4082537,0.8375315,-0.55497515,-9.4951515,-4.3830075,0.7833806,-5.526316,0.56806046
9,0.18684869,-0.4082537,0.8375315,-0.55497515,-9.4951515,-4.3830075,0.7833806,-5.526316,0.56806046
10,-0.31980953,0.15028252,0.613894,-2.1351812,-7.1510067,-3.9944484,1.620154,-5.6143394,-0.9108899
11,-0.66403764,-2.0045764,-3.3138828,-3.1670396,-4.689469,-4.3796887,-2.4157217,-2.2500908,-4.440609
12,-2.4882727,-1.1884463,-5.169301,-0.62082416,-2.7910132,-2.791886,-1.6083183,-3.0382423,-3.2011864
13,-2.4882727,-1.1884463,-5.169301,-0.62082416,-2.7910132,-2.791886,-1.6083183,-3.0382423,-3.2011864
14,-1.5701432,-0.8810203,-1.9463722,-0.7098394,-4.7193923,-2.344107,-1.9026983,-3.2683632,-0.82714784
15,0.013632312,0.16645911,1.3481069,-1.4102601,-7.2551026,-4.6531663,1.0591705,-4.828103,-1.359231
16,-2.6377234,-3.1406043,-3.4329696,-2.9003015,-5.842609,-3.4259663,-3.0128837,-4.7352114,-5.169061
17,-2.3556907,-2.7609584,-5.7508082,-1.9168714,-1.430134,-1.786506,-1.9852018,-4.4014163,-5.8193383
18,-2.3556907,-2.7609584,-5.7508082,-1.9168714,-1.430134,-1.786506,-1.9852018,-4.4014163,-5.8193383
19,-2.7295399,-4.648943,0.4721526,-2.6455941,-6.7189746,-4.8617625,-1.7899979,-6.277202,-1.3356973
20,-1.1287804,-0.8651255,0.022288129,-0.81835175,-5.552583,-2.9618819,-0.8785331,-3.1560142,-1.2846669
21,-0.91707665,-0.4387145,-1.4632056,-0.95754796,-4.303886,-2.3780363,-1.0663466,-2.5991883,-1.5607507
22,-0.91707665,-0.4387145,-1.4632056,-0.95754796,-4.303886,-2.3780363,-1.0663466,-2.5991883,-1.5607507
23,-1.4215152,-1.6558065,-0.9096124,-2.5706496,-4.878996,-2.4560726,-1.4118835,-4.3309374,-5.3349147
24,-0.12080641,-0.6471334,-1.7283354,-2.0273821,-7.0582557,-3.1034198,0.2377352,-5.0154333,-1.4360931
25,1.0904602,-0.37951326,-0.8444814,-2.0567415,-5.743466,-4.3990407,2.27608,-4.167558,-1.0980417
26,1.0904602,-0.37951326,-0.8444814,-2.0567415,-5.743466,-4.3990407,2.27608,-4.167558,-1.0980417
27,-2.2713573,-2.913506,-1.8115969,-2.8684275,-6.130618,-3.9349394,-2.032166,-4.8211102,-3.2674549
28,-1.7943627,-2.3819635,-0.7568521,-1.8239328,-5.3721733,-2.8786583,-1.8097416,-4.628389,-0.7812671
29,0.3842648,0.90982234,-0.42162633,-1.3340753,-5.5155535,-2.5368855,1.315906,-3.0788279,-1.1357259
30,-4.7744102,-2.9491992,-4.5247464,-5.135058,-3.522714,-3.228383,-1.8551724,-5.0031404,-5.1373034
31,-4.7744102,-2.9491992,-4.5247464,-5.135058,-3.522714,-3.228383,-1.8551724,-5.0031404,-5.1373034
32,-4.7744102,-2.9491992,-4.5247464,-5.135058,-3.522714,-3.228383,-1.8551724,-5.0031404,-5.1373034
33,-1.1381696,1.0342487,-1.4405463,-1.0009106,-6.452138,-3.1740687,1.038856,-4.1574035,0.4032922
34,0.69741976,-0.28980407,-1.4987594,-1.1864806,-8.035837,-3.6255932,-1.5981237,-4.126668,-1.7575036
35,-0.3496744,-0.53045446,-3.0718834,-1.2481997,-2.3390687,-2.4145498,-0.52655464,-0.4919114,-2.6355925
36,-2.6810179,-3.2960312,-3.4482777,-3.7822247,-9.071802,-4.1514406,-2.641903,-4.987795,-5.858139
37,-4.4266133,-5.325316,-4.4166727,-5.409169,-7.357246,-4.3678384,-3.7464135,-5.842437,-6.02361
38,0.6846337,0.36606503,-1.2846068,-1.4515967,-6.866542,-3.579823,0.90436727,-4.493879,-1.3021336
39,0.6846337,0.36606503,-1.2846068,-1.4515967,-6.866542,-3.579823,0.90436727,-4.493879,-1.3021336
40,-2.079512,-2.6020868,-2.7434387,-1.5784342,-3.1368494,-2.905198,-1.5103168,-4.0734267,-2.210283
41,0.84328246,0.90867096,-1.0829153,-1.4451671,-7.74602,-2.1923544,0.14906962,-4.4472675,-0.8383854
42,-4.7320356,-3.1459985,-4.665407,-3.0332978,-0.7909466,-3.470943,-2.8151062,-5.644839,-5.070621
43,-3.55836,-5.335122,-2.2186182,-5.6660347,-6.9180865,-4.366667,-3.5347586,-6.3578606,-8.66297
44,-0.91456324,0.7080869,1.8032944,-0.546455,-6.3170614,-4.1737337,1.7234124,-5.155434,-0.9951567
45,0.25184932,-0.07882531,-0.2269979,-1.677518,-8.006211,-3.3529067,-0.50617397,-4.557572,-1.268407
46,-1.6961662,-0.82425934,-1.6049033,-1.5609347,-2.7850995,-1.748122,-0.9569365,-2.3982425,-2.8365173
47,-1.6961662,-0.82425934,-1.6049033,-1.5609347,-2.7850995,-1.748122,-0.9569365,-2.3982425,-2.8365173
48,-2.4503865,-3.5925748,-1.3156615,-2.6482306,-7.727217,-3.594098,-2.589207,-5.6452436,-2.115877
49,-2.4503865,-3.5925748,-1.3156615,-2.6482306,-7.727217,-3.594098,-2.589207,-5.6452436,-2.115877
50,-2.4503865,-3.5925748,-1.3156615,-2.6482306,-7.727217,-3.594098,-2.589207,-5.6452436,-2.115877
51,0.27248225,-0.8878671,-1.0079774,-2.900027,-4.986143,-4.2561812,1.4290076,-4.3720865,-4.324236
52,-4.282388,-4.0806475,-4.6385145,-3.6678333,-1.4986675,-2.6999102,-2.9947412,-5.1005883,-6.289847
53,0.0924242,-0.65757513,-0.7995448,-1.8676977,-5.583587,-4.3182044,-0.47250444,-2.831568,-1.4058396
54,-3.241522,-4.5299845,-3.5168028,-2.586392,-3.9836366,-3.3397725,-3.2715855,-4.6984262,-4.9479594
55,-5.4866257,-1.9106485,-9.04049,-3.4059074,-3.5155022,-3.059028,-2.7795696,-5.240165,-5.9759183
56,-2.3084009,-3.980326,-1.7400991,-2.563642,-3.3645215,-3.5044687,-1.8239218,-4.2533464,-3.0699408
57,-0.90481853,-1.0952878,-1.1762167,-1.3953922,-5.3138638,-2.6462905,-1.1698327,-3.1806452,-1.7102023
58,0.3330056,-0.39287102,-0.47165167,-1.7740076,-7.7934365,-4.1230965,0.510476,-3.6874075,-1.4467537
59,-2.9494853,-4.458977,-3.0496814,-2.7727516,-4.715946,-3.383196,-2.186054,-4.7574725,-3.5007231
60,-2.584189,-4.041279,-0.7260429,-3.9091144,-7.5681,-4.221948,-2.5353835,-5.606045,-3.1190634
61,0.25443846,1.311904,0.27157274,-1.7527609,-7.7767224,-4.0692086,2.1749542,-4.66168,-2.50843
62,-0.9288448,-1.0404366,-2.4106362,-1.6577218,-1.9043549,-2.8241954,-1.2778591,-1.4942311,-2.6148493
63,-4.4204335,-6.205965,-5.260936,-4.704638,-6.714431,-3.7372358,-3.5154974,-5.4746304,-6.931718
64,-1.177224,-2.7411678,-1.8200613,-1.895711,-5.8705673,-3.1460907,-0.38681576,-3.7849495,-2.4082985
65,-4.5430565,-4.5369587,-5.3314,-5.6991205,-5.6247025,-3.2083213,-3.4692156,-5.192951,-7.4305253
66,-2.882271,-2.0184004,-2.9421446,-3.8045394,-7.7020845,-4.379213,-1.5862813,-5.5922165,-3.326491
67,-0.79659384,-1.2245955,-2.0826223,-2.1170948,-5.532784,-2.8576498,-0.7858317,-3.2135181,-2.7963893
68,-0.78476965,1.4395263,1.2560319,-0.5988041,-9.316455,-4.1024303,0.6337329,-6.622729,1.2497027
69,-1.6290033,-0.25301194,-3.1232314,-1.0421158,-1.923516,-1.7588838,-0.95895714,-2.3469567,-2.0376117
70,-1.49278,0.25134128,-1.2016388,-3.6888936,-2.2238941,-3.9419355,0.5512399,-4.882879,-4.215795
71,-1.342142,-2.5838368,-0.16605912,-1.7471434,-6.8641872,-4.1024337,-2.2967646,-4.257882,-1.8797207
72,-0.20509489,-0.57742375,-1.3738855,-0.8684768,-2.3779433,-1.948485,0.033359464,-2.2581387,-2.284035
73,-2.6455576,-2.8384547,-3.1291242,-2.02983,-5.2455707,-1.9334545,-1.993115,-3.9684052,-3.5791419
74,-0.8402547,-0.34210446,-1.2382345,-2.5390584,-4.683046,-3.1905107,-0.99350417,-2.4854636,-1.5171988
75,0.013057649,0.5007813,-0.21730423,-1.3201178,-8.193091,-3.1227388,0.9488625,-5.0585666,0.06909767
76,-3.043582,-1.2551304,-3.1556602,-1.4028215,1.2894014,-1.6981987,0.19484198,-3.4655087,-4.3981357
77,-3.8894157,-3.4472632,-5.8495283,-3.5631943,-5.1278176,-2.7913918,-2.7997432,-4.868311,-5.908051
78,-3.3268738,-2.8055403,-1.2522742,-2.2488902,-1.6680198,-2.1355343,-0.8996841,-3.820381,-4.0019937
79,-3.5764103,-5.5326157,-3.114375,-3.910258,-2.50404,-3.4180925,-3.0954018,-5.8417587,-5.2959595
80,-2.087973,-3.8082225,-2.0984268,-2.9567113,-4.015458,-3.0722828,-2.5102556,-4.5665,-3.6124887
81,-1.3348128,-0.10775767,-0.37859592,-1.3246564,-4.8337913,-3.0036848,0.013344035,-4.1176314,0.15426013
82,-0.16162047,-0.45015126,-0.96121025,-0.94940305,-5.309034,-2.9161534,0.19291535,-3.9811049,-0.5655449
83,-4.693864,-4.794754,-4.057253,-6.3137345,-8.823537,-5.1153913,-4.0146213,-6.5493126,-7.19643
84,-3.8029492,-2.9734032,-4.8658123,-2.677761,-2.3421261,-2.726457,-1.1809775,-5.0921063,-5.1924515
85,-2.0003188,0.07259631,-2.687767,-0.8720657,-4.2387075,-1.8101424,-0.6580807,-3.1206977,-2.4263668
86,-2.3583982,-3.2377548,-2.7883055,-3.7978427,-7.8986835,-4.626079,-2.4640474,-5.299878,-4.3496623
87,-1.0157242,-3.3667746,-1.226214,-2.7633688,-4.4723425,-4.3333874,-1.0231968,-3.9092433,-4.7577133
88,-0.77142185,0.2314754,-0.9027916,-1.1893764,-4.4274964,-1.5490298,-0.19678117,-2.840658,-1.063722
89,-2.3905,-3.8200955,-3.136078,-1.9653314,-6.419886,-3.0362782,-1.9789827,-4.5314617,-3.2823138
90,-5.901581,-4.695561,-9.109322,-5.6849732,-4.806186,-2.080537,-3.985687,-5.4494967,-9.4774275
91,0.5543511,0.08734165,-1.4487492,-1.6593866,-5.58881,-3.1167793,2.2563906,-3.8801663,-1.2326236
92,-0.9329108,-1.962,-1.06355,-1.258358,-4.4851675,-3.006384,-1.0680383,-3.0303671,-1.2838744
93,-2.3280125,-1.335327,-2.6754148,-0.81117237,-2.0353057,-1.9818791,-1.0445123,-2.502561,-2.7527332
94,0.5239051,0.3796155,0.32909983,-1.206012,-10.500982,-5.4056077,0.7950273,-5.7814455,-0.58860934
95,-1.3965331,-2.3897045,-1.2344152,-1.0591341,-0.6808473,-2.2031612,-0.13646711,-2.5862958,-2.0711749
96,0.59716034,0.32885352,-1.6702983,-1.9019506,-8.379378,-1.8885343,0.25074196,-4.23554,-1.1986251
97,-1.4643297,-2.3409367,-0.43078962,-2.616315,-5.8764634,-4.799095,-0.84216106,-5.642883,-0.9540205
98,-2.3494444,-4.657667,-0.68670696,-2.936217,-3.8495188,-3.3286762,-1.6293193,-4.3534827,-4.4850483
99,-1.2112049,-1.623653,-5.5246854,-2.6651137,-4.817366,-3.335274,-2.89305,-3.4159372,-5.5523086
100,-1.003325,-1.560847,-1.5966734,-2.7382603,-3.8934433,-2.168992,0.13128258,-3.2870488,-3.8154233
101,-1.171643,-0.5756682,-0.65123975,-2.0532453,-4.6564703,-3.0737076,0.110864244,-2.9819107,-2.7845702
102,-2.5683155,-3.233639,-2.491659,-1.4456798,-4.2634673,-3.4870028,-2.8605514,-3.9912837,-2.3680203
103,-1.0082052,0.0024890453,0.3905158,-0.69082797,-4.9427166,-3.123509,0.7461808,-3.7085087,-0.4858224
104,-1.7567471,-2.4776692,-1.9672939,-2.0290942,-0.84640086,-1.6971089,-0.391761,-3.2332838,-2.5601158
105,0.39066604,-0.949032,-1.8209181,-2.000464,-8.929729,-4.9310613,-0.9704831,-4.583929,-2.3614202
106,-2.0592322,-2.4170673,-6.8533344,-3.7427647,-6.022309,-4.672865,-4.3219686,-1.7042181,-7.1806245
107,-1.2027138,-1.056825,-3.1685371,-3.5474093,-7.0367875,-4.405251,-1.6203545,-3.4227128,-4.5819106
108,-2.3538551,-0.5566772,1.8230354,-0.94069296,-4.5895557,-3.9935405,0.540464,-5.571483,0.76909965
109,-2.6676795,-4.4401083,-3.4223888,-2.6747184,-3.4036047,-3.0554023,-2.212339,-4.116547,-4.017144
110,-6.823571,-4.697755,-8.438207,-7.0320063,-4.515944,-3.1873815,-4.383796,-5.2749805,-8.795656
111,-0.97094697,-1.5839849,-2.0244184,-2.0321403,-4.9740534,-2.685477,-1.1044631,-4.1400127,-2.8882117
112,-0.7924327,-1.8778707,-1.3806318,-3.1853206,-8.2729225,-4.4122567,-1.3142918,-4.9751472,-2.2859302
113,-2.152882,-2.5377216,-2.9083395,-2.5002189,-4.6986284,-3.585217,-1.2765849,-3.5684,-3.7041314
114,-3.2767406,-4.1942563,-3.5471992,-3.715123,-5.2025185,-3.3693042,-2.314391,-4.904925,-4.644534
115,0.08180021,-1.0397123,-1.3431389,-1.2064933,-4.847586,-3.2810383,-0.9690262,-2.269275,-1.7043159
116,-2.41458,-3.292367,-1.9867133,-3.3346543,-5.795219,-4.5155153,-2.4097497,-5.1976423,-3.0396695
117,-1.0218959,-1.323168,-4.8830566,-2.4304917,-1.8339558,-3.268979,-2.2927256,-2.1022809,-5.373082
118,-2.5434308,-5.161887,-2.8832042,-2.949081,-5.191102,-3.2033994,-2.6718326,-4.343805,-5.668227
119,0.29891306,-2.6012855,-0.19881369,-2.1713748,-5.195125,-5.2085047,0.79275084,-4.6585026,-2.5986624
120,0.2777167,1.0192423,-1.4547855,-1.9674332,-8.590008,-3.7022252,1.0122018,-4.356436,-1.3340557
121,-1.2529348,0.39270607,-3.0100281,-1.5730526,-5.5569634,-3.4079134,-0.7732312,-2.6267219,-2.8616161
122,0.17706382,0.82481706,0.19369772,-1.1260729,-8.328062,-4.545021,0.8342825,-5.0648923,-0.6611478
123,-0.54912937,-1.1497408,-1.848642,-1.9768519,-6.216806,-3.1773863,0.12024902,-4.090725,-3.1487978
124,-0.08070244,-0.012562156,1.4212334,-0.44022804,-8.029269,-4.2020216,0.58972687,-5.989429,0.044010244
125,-1.1910046,-2.3772638,-2.6587427,-1.194319,-4.4124136,-2.0281298,-1.9402095,-2.7037249,-2.831958
126,-0.1557822,-0.19160552,-0.16679165,-1.946468,-3.464991,-3.3773565,1.4785103,-2.865545,-2.011454
127,-0.37814406,-0.20535825,-1.0120331,-2.4483583,-5.0153112,-3.4539158,-0.41700554,-3.1333864,-1.3586347
128,-1.1860378,-3.4357018,-1.4760349,-2.8114877,-4.774582,-4.104142,-1.7610153,-4.2143664,-4.235233
129,-4.492043,-4.214754,-4.866386,-4.4693503,-4.9587994,-3.4568717,-3.285269,-4.8458724,-5.479759
130,-4.7206383,-4.165773,-6.3696184,-4.7528224,-4.768294,-3.14347,-3.8487275,-4.3207817,-7.1012216
131,0.057358533,-0.27929705,-0.505646,-1.4959557,-4.7086415,-3.3980281,1.476625,-3.6114922,-0.19651805
132,-3.9509516,-5.171068,-5.0672903,-3.3729389,-4.121547,-3.8870015,-4.020959,-5.117855,-5.642022
133,-1.8395481,-0.04996053,-2.1684115,-1.1162018,-3.0248468,-2.8352077,-0.9229668,-2.3522305,-0.22447275
134,-1.4793291,0.23895568,-0.94871914,-0.7632183,-5.433822,-3.739043,-0.15028651,-3.1566632,-1.9240531
135,-3.7317944,-3.8437743,-5.4309897,-5.102637,-5.389018,-3.8042374,-3.394632,-5.4955716,-7.117578
136,-0.93698335,-0.8627433,0.10326156,-2.3056479,-8.744257,-4.4560657,-0.8001437,-5.204847,-1.4873161
137,-1.7302947,0.18766761,-2.56137,-0.63007003,-1.1985283,-1.4823964,1.0389509,-1.900346,-2.1559737
138,-3.318824,-4.731513,-2.4289029,-3.6049042,-7.295122,-4.740901,-3.5346737,-5.9693375,-4.1579175
139,-0.95435786,0.6861041,-0.63996905,-0.462512,-7.338641,-2.810651,-1.3694803,-4.486754,0.6518516
140,-0.8998009,-0.78090113,-1.3673803,-1.7089227,-0.81121635,-2.967918,-0.49333745,-1.7957861,-3.0135872
141,0.43509394,0.57923627,-0.51378673,-0.925545,-7.5094943,-2.6109724,0.7709804,-3.8248625,-0.34103942
142,-2.0945497,-1.7484525,-1.8629999,-0.7350869,-4.5936832,-2.692892,-1.8805548,-3.338728,-1.1773335
143,-1.3476185,-0.92452633,-2.6912618,-1.6611447,-7.1575317,-2.1621423,-0.5782796,-3.8635263,-2.2794092
144,0.17661467,-1.1207438,-1.0288031,-2.4037333,-8.235245,-3.8697276,-0.028071567,-3.7455897,-1.8105243
145,-3.1926494,-5.822347,-1.9850181,-4.061133,-5.522866,-4.358128,-2.1253352,-5.26457,-4.681094
146,-2.1645794,-3.4338684,-4.5815554,-1.9160358,-1.714946,-2.0441465,-2.3527968,-3.0305562,-5.360229
147,1.1246037,0.7744526,-0.72515815,-2.3432875,-7.6190257,-4.4117527,3.0658176,-4.691318,-2.2626834
148,-2.22522,0.2083189,-0.36073312,-0.5244285,-4.8518276,-2.2419689,-0.45730588,-3.9268456,0.54032576
149,-0.9432441,0.15364444,-0.6940819,-2.9051437,-10.100041,-4.8614635,-0.04199028,-6.008764,-2.578097
150,-3.9981217,-4.794664,-4.682728,-4.4457393,-2.2415924,-2.7491722,-2.6201174,-5.331252,-6.0972004
151,-1.3621024,-2.1025977,-0.51504076,-2.7442214,-9.985291,-4.8725915,-2.3775277,-6.6763053,-1.2123795
152,-3.5583081,-3.76208,-3.5278382,-4.770463,-7.7719994,-3.8951507,-2.6598837,-5.4988275,-5.4343123
153,-2.6213903,-2.17402,-3.72739,-3.237658,-5.34551,-3.8517063,-1.9018148,-5.823648,-3.5585802
154,-0.3380225,-2.6666243,2.7909634,-2.713797,-7.9893885,-5.744394,0.3575665,-6.7908306,-4.1354117
155,-1.5045581,-2.4806988,-1.3583447,-1.8321509,-4.979134,-3.3808146,-2.0701077,-3.7146566,-1.9157643
156,-1.3529816,0.8772698,-0.41074643,-2.229593,-6.914643,-2.4826753,-0.23641375,-4.9006395,-1.6188812
157,-2.1471558,-4.150431,-2.2227986,-2.327901,-4.312737,-4.596476,-2.3077931,-4.628649,-3.0035784
158,-3.250197,-3.0397313,-3.9286478,-2.6728532,-0.45701462,-1.5907118,-0.9356853,-3.3662887,-5.2002654
159,-2.3009553,0.49721006,-0.69511926,-0.828878,-3.469045,-1.9268087,0.1793063,-4.379562,0.024992561
160,-0.2131727,-1.2140671,0.34870028,-2.2770245,-5.602889,-5.302455,-0.0055011213,-3.9440703,-1.3898017
161,0.34753603,-0.67119366,0.9904898,-2.1519961,-5.7801075,-4.262512,0.47359022,-3.5979314,-2.8755555
162,0.3162418,-0.39627263,-2.1073976,-1.7515943,-7.5326166,-1.9556108,0.08228157,-5.5050144,-1.7624364
163,-0.416543,-1.5625955,-0.37126383,-1.7412846,-2.8492079,-2.7943635,1.5401723,-3.4524617,-1.1940603
164,-0.68144816,1.3448458,-1.9480432,-2.0124533,-7.019738,-4.0109034,0.48854482,-3.7625134,-2.0724952
165,-0.9240057,-2.6058264,-0.4843186,-2.570651,-5.6147394,-3.378591,-1.3017737,-3.5967717,-3.5518408
166,-1.0465521,1.5466628,-1.5934222,-1.8656149,-2.306378,-1.3497877,1.3782066,-2.6215725,-1.4217914
167,-2.4375079,0.94324684,-0.30674794,-0.36119622,-5.259834,-2.1429822,-0.5827618,-4.4275765,0.36387637
168,-1.1304605,-0.2594327,-1.6532676,-0.9450428,-3.9594686,-1.3417128,-1.007557,-2.8344758,-1.2530253
169,-1.4123273,-1.1340266,-1.9928586,-2.1064556,-5.7714157,-3.1167598,-1.0054141,-4.9140534,-0.9307911
170,-4.04073,-5.380457,-2.775805,-3.546292,-7.6217437,-4.1546893,-3.1820483,-5.49129,-5.272852
171,-2.711471,-3.4179661,-3.0173798,-2.9667265,-3.7392833,-2.3423908,-0.24103244,-4.3840647,-5.0473194
172,-5.509273,-6.739867,-3.482185,-7.7488265,-9.462724,-4.6373763,-4.794686,-6.790552,-7.4793096
173,-2.1060853,-3.2213175,-1.173985,-2.6015282,-6.2578297,-3.6071513,-1.3828603,-4.718966,-1.7794706
174,-1.4491001,-2.4319985,-1.8438947,-3.2075224,-3.6362083,-2.0443048,-0.61902314,-3.015222,-5.045836
175,-1.7351507,-0.8025416,-0.535051,-1.5755836,-4.7683253,-3.2113554,-0.20629169,-4.4405794,-0.8341329
176,-0.20677659,-0.41277266,0.48567098,-2.3336656,-7.3096366,-4.675355,-0.2827433,-5.0268164,-2.3643363
177,0.5324887,-0.59366375,1.1128668,-2.238455,-10.116246,-6.4001746,1.5517392,-6.7005982,-1.3777162
178,0.7059871,-0.34152403,2.1203232,-1.9876783,-8.930867,-5.90692,2.1230617,-6.5930433,-1.701047
179,-3.4132414,-4.1414437,-3.8392038,-4.203861,-5.2634835,-4.08518,-3.4168513,-5.3886547,-5.19848
180,-1.1406145,-2.2492135,-1.9499283,-3.3614614,-6.377191,-4.2279625,-2.293791,-2.5906267,-3.846181
181,-2.6541293,-3.378824,-3.078516,-2.3792298,-4.2172794,-3.0253763,-2.349927,-4.270807,-4.3001385
182,0.54925907,-0.47892457,0.3590816,-1.9912329,-11.333333,-5.874647,-0.13709506,-6.0369773,-2.69196
183,0.02181994,-0.9121462,-0.102192685,-1.9258494,-6.813098,-4.631114,-0.2405847,-4.0560017,-2.249467
184,0.24891382,-0.46961898,0.16390982,-1.7517904,-6.009979,-3.7001781,1.7507179,-3.8852875,-2.0300105
185,-2.132178,-0.21893333,-2.763125,-0.46776453,-2.5511577,-1.9830226,-0.6996912,-2.1605215,-1.7056227
186,-5.770732,-3.4738402,-7.063557,-4.403527,-1.9657801,-2.8008485,-3.5729344,-5.0321712,-7.0172276
187,-3.7605963,-5.3640237,-3.6590972,-4.4588146,-5.3865614,-4.056437,-3.6262403,-5.4809794,-5.163022
188,-1.7118,-0.4190756,-2.484261,-0.9358076,-3.5789092,-2.5438263,-1.9366169,-2.8572528,-0.83119935
189,-3.0577946,-4.4785247,-2.23543,-2.75458,-7.069184,-3.9949982,-2.848197,-5.2747264,-2.9661767
190,-4.611237,-5.776386,-4.871974,-5.1116524,-3.7287128,-3.2310233,-4.3388147,-5.817473,-6.965974
191,-2.677978,-2.9191067,-1.9457666,-1.775855,-1.7109935,-2.7216613,-0.847766,-4.3708124,-2.7645488
192,-0.756275,0.12779851,0.6156022,-1.1742792,-5.945163,-3.2722251,1.0385178,-4.761836,-0.18372439
193,0.78859836,0.35961694,-0.50171524,-2.9949021,-7.546597,-4.5314045,2.705452,-4.6876717,-2.7171528
194,-1.8447809,-0.9286202,2.2417042,-1.6658752,-3.0419714,-4.055973,0.6367694,-5.1061254,-0.6001123
195,0.32154799,-0.3678692,-2.2397656,-1.9501219,-5.827138,-4.155441,1.0125488,-2.954277,-2.0420792
196,-2.556801,-3.763575,-0.3794791,-4.1356306,-7.9743,-5.2068214,-2.3116791,-6.4061956,-2.0833814
197,0.7570406,0.43833968,-1.2866347,-1.9670768,-4.852546,-2.3452415,0.6389936,-2.3803344,-1.8733925
198,-0.88384324,-1.2138803,-0.8751445,-0.46323904,-4.6493077,-2.5972385,-0.7518475,-3.3856406,-0.8879958
199,0.7400044,-0.09605958,0.27989104,-1.0059191,-6.6105595,-4.375425,1.5216997,-4.1242657,-0.6346177
200,-1.7148954,0.51670045,-2.759856,-1.5044653,-0.89155096,-2.2459242,-0.21117938,-1.8390781,-1.8879175
201,-0.43833756,-0.67567515,-1.8330464,-1.2755985,-2.112935,-2.2271476,5.4463744e-05,-1.2028782,-0.8306202
202,-1.3241526,-2.9206505,-0.9476384,-1.9936239,-1.3309653,-2.2732563,-1.5800278,-2.5556383,-2.7020657
203,-0.29050744,0.443837,1.5055397,-0.5769377,-8.292588,-5.051366,0.91445327,-5.9561067,-1.1260082
204,-0.57543254,1.7693038,-0.83203346,-2.2930415,-3.0356822,-2.9290016,2.6241407,-4.0000505,-1.2834665
205,0.34370607,-0.4437115,-2.5774531,-2.1724792,-3.769756,-3.3334808,-0.47145087,-2.2063026,-4.292653
206,0.9641155,0.086490124,-0.8280488,-2.0675,-4.3638306,-3.300973,3.7076674,-3.231889,-1.7054719
207,-2.0336182,0.068877086,-2.3527207,-0.2715109,-2.6488318,-2.1019065,-0.8728666,-2.5234048,-0.85371315
208,-4.9473658,-3.0768623,-5.940764,-4.1385226,-2.4785032,-3.0180812,-4.032273,-4.6961265,-6.117571
209,-1.292099,-2.185129,-1.5589833,-1.9566838,-7.8676596,-3.2560704,-2.4767537,-3.6214905,-2.7474966
210,0.2750691,0.8088484,-0.2825817,-1.3623035,-7.7724905,-3.7923708,1.1336411,-4.6211395,-0.8068362
211,-29.697605,-18.576355,-25.608477,-26.944447,-37.73968,-27.30011,-28.843956,-52.903404,-25.080048
212,0.18442337,-0.6853754,-1.2200993,-2.4065182,-5.924406,-3.745544,-0.86728173,-2.279916,-2.3724694
213,-3.1328766,0.76859975,-2.2630122,-1.5489795,-3.7803607,-2.1896384,-0.09274942,-3.604254,-0.94055843
214,-0.7155347,1.1153616,-0.28371182,-2.5673442,-5.776168,-3.23137,1.58344,-4.539578,-2.0341468
215,-0.1724068,-1.2146283,-1.2171707,-3.1065836,-8.292414,-4.523367,0.38460642,-4.789945,-2.7455883
216,-4.2181973,-4.0097046,-3.986696,-5.160481,-7.790643,-4.0881615,-3.0901022,-5.890253,-5.3281355
217,0.31702322,0.0047588237,-1.8456095,-1.2194147,-4.689413,-3.0354316,0.43326133,-3.3301852,-1.37458
218,-3.3008704,-3.424262,-3.9043002,-2.604107,-2.6455646,-2.344657,-1.4297947,-4.1159673,-5.0722017
219,-4.471868,-4.5344667,-5.615524,-3.998601,-2.9275546,-2.7459245,-2.9347408,-5.0684257,-6.3710203
220,-1.7015814,0.1738374,-3.0353317,-1.398154,-2.872057,-2.9218001,-2.042399,-2.4792845,-2.6298654
221,-1.1008542,-0.9907745,-1.7721807,-2.130363,-6.4980993,-3.30952,-1.0014007,-3.3227832,-2.7971904
222,-1.3964579,-2.75781,-0.79981345,-1.563559,-6.0297146,-2.7696412,-1.6514869,-4.144437,-2.12451
223,-1.9160321,-3.7916515,-1.8644973,-1.7013078,-3.9475157,-2.9589322,-2.064404,-3.5549464,-2.9466314
224,-1.0808483,-1.0185232,-2.5279357,-2.5777512,-9.313778,-5.109594,-1.9808428,-4.0797834,-3.0369828
225,-1.4437127,-2.6237044,-0.19532028,-1.8105999,-3.634792,-3.417991,-1.0151252,-4.152961,-2.8692539
226,-0.33429968,-0.6424026,-1.2073876,-1.6572148,-1.8471358,-1.6284401,0.84563875,-2.6539109,-2.038091
227,-1.6881871,-2.6920953,-0.5640896,-1.2932446,-7.003586,-3.693352,-2.7915378,-4.5458517,-1.1081855
228,0.16604786,1.2327161,0.05347628,-1.7660614,-6.5578313,-4.0785985,2.735157,-4.8238983,-1.6539997
229,-0.6055446,-0.4199282,-4.147212,-0.98214805,-3.154817,-3.1353843,-0.05732333,-0.9131154,-2.9645615
230,-1.1504924,-1.0982149,0.62185633,-1.1381116,-5.152599,-2.8731313,0.0075449497,-3.7110496,-1.1884283
231,-1.5588831,-1.90049,-0.01692029,-2.0538578,-2.3994112,-3.6621306,-0.5672255,-3.812901,-2.2412708
232,0.12764639,-0.06654101,-0.30381116,-1.5289675,-6.9226103,-3.952219,0.6018257,-4.4881864,-1.3866739
233,-1.4242061,-3.3433075,-4.534357,-2.7505941,-5.1584415,-2.4980526,-2.126132,-4.447596,-4.6312003
234,0.5097808,-0.82462496,-0.25935727,-2.3269107,-5.3225956,-3.1710377,2.5096636,-4.063873,-2.1941578
235,-3.9643192,-3.7071457,-4.3860235,-4.4736257,-4.835882,-3.6499166,-2.7364514,-5.2165575,-5.836323
236,-2.7398124,-4.4320073,-3.022839,-4.013003,-9.557093,-4.578174,-4.3201714,-5.00185,-4.8774233
237,-2.974189,-5.476424,-3.7616913,-2.7439816,-4.62523,-3.7955432,-3.7300322,-4.5348344,-4.9019847
238,-3.458417,-4.739806,-2.8678625,-3.1343796,-3.6733298,-2.6032715,-2.2692373,-4.8571515,-5.345758
239,-3.848775,-4.4865494,-4.397065,-3.0515652,-2.2213855,-2.3519838,-2.030776,-4.5172396,-5.614595
240,-2.4960346,-2.0600114,-9.489274,-3.3958077,-5.9656363,-3.100889,-3.4312978,-5.216012,-7.002474
241,-3.4324982,-3.0121317,-4.6632414,-2.7317214,-2.408193,-2.2082117,-1.0262493,-4.093461,-4.5622783
242,-4.760989,-3.9931986,-5.0566454,-5.116377,-7.412079,-4.0998893,-2.837643,-5.526623,-5.3715158
243,-0.14833134,-0.025190022,-1.4514769,-2.095072,-4.4129524,-3.0235026,-0.0916017,-2.4615383,-1.574985
244,-1.1764055,-0.49787796,0.23491192,-1.252264,-0.58980954,-2.6709342,1.8266704,-3.4591072,-1.7666732
245,-2.6909637,0.07913463,-1.5662891,-0.6337042,-1.114783,-2.795895,-1.0927321,-2.6928535,-0.816102
246,0.30293354,-0.51722246,1.5427754,-0.7140906,-9.727547,-4.8883777,0.5691546,-6.0625825,0.34755793
247,-1.7558612,-3.1833043,-0.5303609,-2.2924502,-5.6111493,-3.869908,-1.6538725,-4.9139514,-0.9734607
248,-5.582938,-3.9671652,-7.4803557,-5.866065,-6.3914843,-2.8762178,-3.742862,-4.996055,-8.114992
249,-4.652725,-6.328429,-4.85046,-5.1920004,-6.5411377,-4.10294,-3.3641284,-6.594143,-6.3571343
250,-0.2677983,-0.21456276,0.7681748,-1.3511121,-4.7978325,-3.1710682,0.17228433,-3.6944284,-0.31516564
251,0.3488037,-0.21781117,-0.03222087,-1.0607563,-11.265861,-5.219514,-0.3529452,-6.9819293,0.051854327
252,0.5702409,0.98162395,-0.0025979877,-1.4699957,-8.172616,-3.2884493,1.1986322,-4.3782277,-1.1476002
253,-2.0540555,-2.3552523,-2.5499144,-2.3048356,-9.273417,-4.406084,-3.7617521,-4.456443,-2.772519
254,-4.6240506,-3.524104,-7.61365,-4.509909,-2.9387383,-1.3941828,-1.5293808,-5.077249,-8.199611
255,-0.58221215,0.48348796,0.81776786,-1.859841,-12.334796,-5.3115172,-0.59333205,-6.9945908,-1.0403877
256,-3.4716692,-4.0033846,-4.2891226,-3.1591723,-4.9258766,-2.5255864,-1.3408287,-4.7714596,-4.3591533
257,-0.282249,-0.015500784,0.008657634,-1.6811013,-9.092031,-3.940941,0.08327466,-5.772835,0.071280494
258,0.7709873,-0.30998406,-0.1621614,-1.3497837,-4.8900914,-2.8575852,1.4212936,-2.8624156,-1.703805
259,-1.2276165,-2.430755,-1.1528883,-2.0933025,-3.1243691,-3.169111,-1.9678613,-3.0713885,-3.6713483
260,-1.6831113,-2.254976,-1.6137719,-3.2841375,-7.725127,-3.759783,-1.7131848,-4.4316463,-3.0891273
261,-2.6988637,-1.9458497,-5.401854,-1.891326,-1.1352689,-1.6838762,-1.2055416,-2.7710698,-5.063182
262,-0.597752,-1.7312188,-1.3935434,-2.5456848,-2.4279597,-3.4958687,0.20147917,-4.1421103,-4.327913
263,-4.047286,-3.1197748,-3.1763432,-2.2585166,1.3656114,-1.5189024,-0.18578719,-4.8565774,-6.0218143
264,-3.0568912,-3.3676732,-0.6482694,-2.231958,0.13635251,-1.870012,-0.2137595,-4.632422,-5.0057683
265,-2.1427362,-2.7611113,-2.1605957,-2.2397168,-5.107532,-2.0030596,-1.8654896,-3.9859746,-3.996711
266,-5.827523,-6.5007334,-5.342358,-6.6190925,-8.490262,-4.712254,-5.6128745,-6.5396237,-7.7031956
267,-1.2298282,-2.7081695,-2.1167307,-2.4444613,-6.679556,-4.4075294,-2.8786416,-3.3190825,-3.3784049
268,-0.4739703,-2.5616004,-2.2247546,-1.9424661,-7.2831593,-3.3681636,-1.7119755,-4.3565907,-2.5261667
269,-2.9726071,-2.8046408,-4.071075,-2.2608085,-1.429274,-2.498482,-2.0149589,-4.0057755,-4.621272
270,-0.6526265,-0.51094216,-0.38508797,-2.1078722,-7.5223265,-4.0622277,-0.05000987,-4.7963123,-2.3286104
271,-1.7686847,-2.9240174,-3.410578,-2.1047697,-2.4383662,-2.64727,-1.9624355,-2.5988634,-4.6878543
272,-1.133896,0.5935714,-1.914595,-0.8705821,-3.0514586,-1.8765135,-0.3332448,-2.77994,-0.48404616
273,-0.6539792,-0.47893336,0.724616,-1.0845519,-5.842569,-4.2232924,0.35437554,-4.8854976,0.09050529
274,-0.68340635,-1.6820539,-1.5774636,-1.6729981,-4.728991,-2.767526,-1.2358793,-3.0832596,-3.0358121
275,-5.213901,-4.232344,-7.0266094,-5.068401,-4.076976,-2.4935951,-3.5798476,-5.3572793,-7.692439
276,-0.47253987,-1.3989955,-1.2429686,-1.6647313,-4.142612,-3.7613401,-0.8718683,-3.9737844,-3.2070222
277,-2.6476989,-3.4136393,-4.8604426,-2.945116,-3.7231336,-2.7848735,-2.4503927,-3.8404522,-5.049055
278,-0.66622716,-1.1085948,-2.220723,-2.0881963,-6.7623425,-3.777019,-0.73469746,-4.1827145,-2.7753315
279,-1.9145356,-0.5637355,-0.16573241,-1.6457182,-2.0111916,-3.105647,-0.8888673,-3.3092322,-0.61790174
280,-2.873916,-4.2472005,-2.9013994,-3.894601,-3.9821558,-3.9467065,-3.0268533,-5.392222,-4.5571413
281,-3.2179525,-4.154222,-4.5649104,-2.9485176,-3.5482562,-2.9482257,-3.177465,-4.491891,-4.2935095
282,-2.004001,-1.1346626,-2.909558,-2.0512943,-0.42186147,-1.634146,-0.21289301,-3.407458,-4.826618
283,-5.080708,-4.154118,-6.1193557,-5.0529723,-6.0706205,-3.1890273,-3.8716948,-5.6775284,-8.044346
284,-0.798586,0.5860835,-0.34175092,-2.0863318,-6.644285,-3.54577,0.45322055,-4.097008,-1.8636192
285,0.37189773,0.8194055,-0.93931067,-1.4847796,-8.017875,-2.5371442,1.3170323,-5.265751,-0.41907752
286,0.5114581,0.53575134,-0.07622823,-1.49145,-8.235074,-4.539111,2.076225,-5.1201973,-0.75604314
287,-1.4092038,-2.6160886,-1.579511,-2.8022087,-6.6325827,-3.881617,-2.1853096,-3.946934,-3.276129
288,-2.6401758,1.1039515,-2.4701517,-0.741696,-4.0068784,-1.9135911,-0.7703152,-4.129048,0.18480211
289,-3.167804,-2.45058,-4.9588733,-3.0472507,-3.3667078,-4.0393167,-4.0439253,-3.5149148,-4.9850745
290,-0.41325116,-1.8811526,-0.9573832,-1.5297648,-3.064334,-2.970652,-0.08738831,-3.1003988,-2.544832
291,-5.4912157,-3.0731206,-7.0844927,-5.09226,-0.4521314,-2.4387772,-2.5248644,-5.042491,-7.5922637
292,-2.1594293,-1.4539641,-4.2103877,-0.45012364,-1.5459336,-2.2262738,-1.5266128,-2.4340196,-3.4501083
293,-0.33847108,-1.6269368,0.34608185,-1.3863858,-6.060179,-3.890443,-1.0308794,-4.3101206,-1.0171738
294,-0.8893788,0.28407827,-0.13878523,-2.4218452,-4.7384114,-2.520998,0.39694646,-2.908937,-2.1586673
295,-0.39839238,-0.26134282,0.41477185,-1.2116619,-5.3857436,-2.5700336,0.103380874,-3.7260537,-0.8493018
296,-1.1668296,-0.005152162,1.3090259,-0.5040697,-4.997551,-3.5594828,0.561236,-4.6824765,0.52731204
297,-0.27118284,-1.201538,-0.6776715,-1.7806003,-3.315389,-2.880979,0.51148134,-1.55127,-2.8352342
298,-1.4273069,-1.9005831,-2.4778447,-2.9999013,-7.082833,-3.6469815,-1.9851073,-4.5243983,-3.621681
299,0.17316186,-0.69978744,0.14122897,-3.0960894,-6.7017264,-5.4355636,-0.021760732,-2.9912574,-3.6515055
300,-1.5710192,-1.9995011,-2.6575685,-1.9490184,-6.8998623,-2.7440925,-1.2002196,-4.754433,-2.5687187
301,-2.2127,-1.7519405,-4.1667857,-2.439432,-6.294806,-3.8717105,-1.9965848,-3.4784732,-4.465718
302,-1.2045687,0.35583904,-0.8788261,-0.7014409,-4.014573,-1.7485374,-0.26970416,-4.320603,-0.8782802
303,-0.6425686,-0.35471022,-0.2264674,-0.7673897,-4.659964,-3.8495908,2.2127595,-4.4086304,-0.24490993
304,-3.3495922,-3.8514116,-3.468646,-3.9393911,-4.681882,-2.7662501,-3.6997225,-4.214336,-6.247937
305,-0.12850007,-0.8343428,-0.96678036,-1.6290772,-8.516341,-4.161977,0.23987089,-4.0937147,-1.6169845
306,-0.10132029,-0.374912,-1.1533489,-1.9602617,-9.89454,-4.1234565,-0.011192352,-4.6690626,-1.550666
307,-1.8203349,0.39717895,0.58187234,-0.14016405,-3.036354,-2.652315,-0.19969268,-3.3358653,-0.008693013
308,-0.9502812,-2.3496459,-1.9958019,-2.07873,-5.171049,-2.32318,-1.0940288,-2.9056513,-3.3516803
309,-0.046142936,-1.7738,-2.1756961,-3.2666714,-7.3382993,-4.1804485,-2.0959063,-3.473985,-5.644272
310,-1.0378344,-2.9767494,-3.5202897,-3.3231337,-6.664633,-3.0959613,-1.6448889,-3.875441,-3.8656452
311,-2.7539897,-3.0646987,-4.3135767,-1.9144186,-3.2798438,-2.216527,-1.83057,-3.9895642,-5.1870294
312,0.16936544,-0.43035996,-0.7851811,-1.7934206,-7.579584,-4.4871864,1.0074425,-5.6916122,-1.2255344
313,-1.1229669,-1.4306524,0.002923444,-2.6382182,-8.326049,-4.9105973,-0.93542314,-6.469121,-1.0982513
314,-0.517407,-0.5575435,0.04511173,-1.5159417,-8.769644,-4.393539,-0.83936465,-4.400481,-0.87941945
315,-1.7525481,-1.2159361,-1.4361762,-1.1483135,-8.492122,-3.1769793,-0.8591219,-4.8892064,-2.2472434
316,-2.2543068,-2.4152324,-2.393187,-1.9797759,-5.2601495,-2.779604,-1.9377129,-4.4365153,-2.9895415
317,-0.76958257,-1.0187413,0.26341826,-0.9808998,-5.2883625,-3.1444323,-0.9250854,-3.373193,-0.8880305
318,-1.1229024,-2.0670648,-3.7067394,-2.3002048,-6.305283,-3.150374,-1.7881125,-3.9561808,-3.0644233
319,-0.0016493946,0.1047325,-0.55053216,-2.2561848,-6.310862,-3.4524338,0.57071114,-3.5714858,-0.9819581
320,-3.6788495,-5.8899827,-3.2935941,-3.6261542,-5.9580173,-4.285583,-3.3047614,-5.8698273,-4.697363
321,-0.7782152,-2.6388428,0.40787426,-2.3073552,-4.701222,-5.0693426,0.4378242,-5.2014656,-1.5437279
322,-1.9851899,-4.2055254,-2.635173,-2.6284375,-5.581545,-3.0110893,-1.5249512,-4.7262373,-5.634758
323,-2.8092592,-4.5239525,-3.2368977,-2.0728533,-1.4913522,-2.850763,-2.3322625,-4.3429813,-3.8359628
324,0.036903623,0.44096535,-1.067875,-1.6739633,-5.1100535,-2.6391938,0.2907186,-3.0794206,-0.91126686
325,-2.645679,-2.4438326,-3.6747167,-1.5408548,-5.814233,-2.4637234,-1.6770375,-3.8123367,-3.0449584
326,-0.85416484,-0.34793591,-1.394078,-1.1604277,-6.6606107,-2.7421243,-0.70944655,-4.411427,0.12723692
327,-1.1879342,-3.4747586,-2.495339,-1.811597,-5.1299686,-1.7720166,-1.8725448,-3.3304079,-4.0918093
328,-1.1257802,-1.5655571,0.69358927,-1.0159173,-3.0707204,-3.1300185,-0.82877433,-3.4201639,-0.5646639
329,-2.067983,-1.5518785,-1.686116,-0.5616735,-4.2557616,-3.1344228,-2.045196,-3.2969549,-0.24783441
330,1.6842515,0.68901044,-2.9436011,-3.3659983,-7.727607,-2.2483006,2.0119746,-3.936505,-3.2905073
331,-1.1047564,-2.0176914,-3.842699,-2.1499834,-2.953512,-2.1349595,-1.7199432,-2.478349,-3.7084873
332,-1.5020336,-1.1600323,-2.8113835,-1.185286,-4.674121,-2.722598,-2.3864741,-2.6311505,-2.6596346
333,-0.77830017,0.23358011,-0.021065488,-1.6313707,-3.286397,-1.4004906,0.03457427,-3.0459323,-1.69681
334,-1.8476902,-2.7663445,-1.6993694,-1.4592657,-5.703457,-2.6349633,-1.4543256,-4.261255,-1.8229805
335,-0.2840361,-1.3849564,-0.8044013,-1.3922008,-7.8617287,-4.097837,-0.8469249,-4.296764,-1.1062016
336,-0.60556215,-0.3390638,-2.5504441,-1.3918258,-3.0618181,-2.6554713,-0.9217804,-2.3006005,-2.43278
337,-0.6295231,0.8643978,-0.8058057,-0.80294454,-7.4482875,-3.6722844,0.35431236,-4.8705053,0.35038978
338,-2.322555,-1.1555371,-3.5357027,-1.3396103,-2.969361,-2.3087883,0.31213975,-3.3425272,-2.8740654
339,-2.534194,-3.2767146,-2.0931103,-2.8523455,-5.0064783,-1.9582479,-1.7900774,-3.8033965,-4.3915887
340,-1.8372959,-1.1859213,-0.99408805,-2.9784517,-8.196963,-3.8481658,-0.619341,-5.145595,-2.3102813
341,-3.8258748,-1.2547255,-2.747272,-1.9580245,0.36238924,-1.7864374,-0.06336871,-3.7747421,-3.9640493
342,-0.88638276,-0.7131626,-1.9643238,-0.52402407,-3.9227784,-2.3153853,-0.76456046,-2.7539766,-2.135006
343,-2.027537,-3.4051282,0.00460048,-2.8352754,-7.1928954,-4.3477464,-2.100795,-5.773532,-1.5057856
344,-3.8979414,-2.3433626,-4.47335,-2.1907654,0.46692836,-1.9885225,-1.4298673,-3.2611704,-4.7390714
345,-0.8146833,-0.07116392,1.4509792,-0.15993115,-5.9011164,-4.568935,0.55026793,-4.9148846,-0.10501328
346,-0.29678324,-0.8214328,-0.859709,-2.5993369,-5.4469485,-3.6831748,2.0199814,-4.649925,-1.3781612
347,-1.7214378,-2.8470578,-2.7403834,-1.9257581,-6.4060655,-3.5668116,-2.0321372,-4.8343964,-2.8535726
348,-0.6626159,0.37113145,-3.409806,-2.344943,-3.374631,-3.7653801,-0.49146467,-1.9332467,-2.5697296
349,-2.876241,-3.870244,-3.9368002,-2.0586355,-1.3486849,-2.4290168,-2.4012744,-3.6193633,-4.709854
350,-1.0957167,-1.2864933,-0.73978776,-1.1838142,-4.773358,-3.2360322,0.047911644,-3.599807,-1.2022153
351,-1.4845437,-1.651638,-0.30395904,-2.0288987,-10.1965065,-5.305277,-2.0848775,-5.8627567,-1.526385
352,1.2035991,-0.91317976,-0.13138641,-1.9164321,-6.1576242,-5.0459795,0.46715313,-3.2256286,-2.98723
353,-2.4333467,-2.9968677,-3.2367592,-3.3168647,-2.8930616,-2.9835427,-1.1094131,-4.5102816,-4.059595
354,-3.1013665,-4.6577992,-2.9314272,-2.2664998,-5.6422668,-3.0439205,-2.2574403,-4.8382,-3.7330592
355,-0.8958929,-0.40447348,0.21285576,-1.6868322,-5.9713454,-3.2492363,0.35577905,-4.004967,-0.85703874
356,-0.56329167,0.87838507,-1.210679,-1.0882767,-5.1777115,-2.8305798,-0.5299912,-2.8150172,-2.658909
357,-0.98828304,0.18607904,-0.29931885,-1.5818156,-3.6963904,-2.5476935,-0.5635267,-3.0980394,-0.5854819
358,-2.8778117,-1.3177013,-2.4009109,-0.4900041,-1.6874038,-2.1069617,-0.41516894,-3.4047258,-2.2582362
359,-1.7509841,-2.7207427,-1.6594409,-2.0311263,-4.0383396,-3.2589688,-1.8928304,-3.541666,-3.077578
360,-6.705682,-6.038134,-7.751209,-6.178191,-4.3103757,-2.6827197,-5.3677344,-6.5823746,-9.4740095
361,-0.92280936,-1.7263292,-1.9142905,-2.5094821,-4.867137,-3.5926268,-2.0223887,-2.4577172,-4.1118145
362,1.0627291,1.6754761,-1.018595,-2.1811323,-10.377403,-4.5076427,2.6283834,-5.911252,-2.3419487
363,-4.838964,-3.0331366,-5.683507,-3.817902,-3.0151858,-1.9192852,-2.9024367,-5.628109,-6.5658712
364,-1.1985317,-1.7676741,-0.39518133,-2.12,-6.102619,-3.41687,-1.7321008,-3.242255,-1.8182001
365,-2.3112504,-4.7940717,-2.3471236,-2.910577,-4.928346,-4.039195,-1.790016,-4.766529,-4.565491
366,-3.4200177,-2.8747966,-4.7048697,-3.5491571,-6.823789,-3.8432143,-2.396564,-4.8671794,-5.4114885
367,-1.9146247,0.00084227324,-0.87438,-2.216439,-3.2420814,-1.2307317,-0.030799761,-3.2949286,-2.8470776
368,1.5702602,-0.45560864,-2.5174465,-2.3696964,-5.4268622,-2.7826421,1.9610344,-3.1320498,-3.069961
369,-1.9521776,-2.6600409,-2.9672701,-2.4737113,-9.337355,-3.8440464,-1.913417,-5.4076324,-4.8711596
370,-1.4713627,-1.9452034,-2.0611525,-1.4867914,-3.1630225,-1.9555571,-0.9176202,-2.938649,-1.1976372
371,-1.7628398,-3.1807966,-0.23348948,-2.4796221,-4.545838,-4.006572,-0.5934098,-4.6738396,-3.9885826
372,-1.5663,-1.8658899,-2.0592837,-1.2000265,-2.5882747,-2.6608593,0.18902297,-3.3213367,-1.8049049
373,-3.4160247,-4.59427,-4.1230035,-3.7011704,-5.678381,-3.1220498,-3.1681464,-4.5133176,-5.3687043
374,-1.3854431,-1.3541917,-2.808762,-2.375858,-8.230165,-3.2984796,-0.8321357,-4.972725,-2.1196146
375,-3.3975942,-5.2845664,-1.8883398,-4.4623685,-8.056312,-4.9852467,-3.3126705,-5.621532,-4.5768623
376,-1.800672,-1.1212136,-5.590518,-2.0909877,-3.8536484,-2.83975,-2.3355224,-3.3525777,-4.5841584
377,-1.0527139,-0.9055046,-0.77602774,-1.4351803,-6.220473,-3.217411,-0.48218352,-4.2366514,-0.75961065
378,-2.7039394,-3.4678822,-2.700793,-3.698551,-2.9058278,-3.2962952,-1.7612385,-3.4970725,-5.329421
379,-3.670512,-4.6649756,-5.840054,-4.354625,-6.329198,-3.8696647,-4.3260217,-4.765861,-6.39534
380,-0.5455041,-1.3618317,-4.0193715,-1.7897872,-3.9017315,-2.083663,-1.5903422,-3.368325,-3.5267086
381,-1.7962809,0.18722707,-0.12500343,-1.0954903,-4.3762736,-2.8694034,-0.3053165,-3.813485,0.13666712
382,-1.4875963,-3.145603,-2.1314504,-2.0976555,-6.2532783,-2.7003984,-1.9998628,-3.6675904,-3.2882247
383,-3.8939254,-4.021042,-5.174286,-4.2133384,-6.9928164,-3.756778,-3.5807617,-4.9211855,-5.5481863
384,-0.9222607,-1.1624322,-0.9908197,-2.4470816,-7.199056,-4.3680615,-0.6659752,-4.48344,-1.8868636
385,-5.2521935,-4.306859,-7.2673197,-5.664845,-3.699909,-1.5301652,-3.1000082,-4.6493034,-8.415432
386,-2.8016102,-1.6179588,-4.461156,-2.9887772,-1.5869386,-3.9523358,-2.4478245,-2.5126455,-5.6404567
387,-0.77771056,-0.7823261,-1.7499436,-1.7504423,-4.4809403,-3.3988984,-1.428066,-3.4670196,-1.5361652
388,-1.1760937,-0.24637933,0.6650326,-0.6621133,-5.763974,-2.9649312,0.79341877,-4.605168,0.29222
389,-4.36278,-6.189319,-4.017149,-5.237599,-5.891465,-4.190276,-4.788789,-6.0830145,-6.943101
390,-0.631739,-0.22400355,0.33595657,-0.8091606,-5.09598,-3.0127034,0.3132617,-3.6196997,-0.2912644
391,-0.7868262,-1.2679373,-0.60775155,-1.8148361,-3.568902,-2.6889532,-0.92737293,-3.3284693,-2.780876
392,-3.0804768,-6.1437044,-5.229415,-4.3922796,-7.835588,-4.4100757,-2.5225515,-5.624914,-7.660403
393,-1.2726817,-3.3782947,-2.6737657,-2.26981,-4.406953,-1.9572277,-2.073703,-2.9839227,-3.3431997
394,-2.6920564,-2.5634534,0.0057439953,-0.9443844,-4.6958394,-3.5821626,-1.67322,-5.1145988,0.30379862
395,-3.326984,-2.0463996,-3.9774559,-1.6644713,-0.7259819,-2.0616772,0.022330046,-5.117591,-3.6745436
396,-6.3685555,-4.615171,-7.2825336,-6.712468,-6.208643,-3.6362045,-5.081512,-6.2944956,-8.79266
397,0.49132925,0.05114128,-0.9875383,-1.7011188,-7.2038164,-2.7773485,1.1506397,-4.1278625,-0.7379997
398,-0.5544005,0.2768495,-1.0307206,-0.15811971,-6.00615,-2.6277814,-0.23300105,-4.2187567,-0.2917417
399,-0.10454883,-1.7156986,-0.86577034,-2.7784038,-5.730319,-3.2414968,-0.16161978,-4.6992893,-2.0048404
400,-2.4850943,1.7658831,-3.2901988,-1.1481867,-1.2759471,-1.8193237,-0.30204302,-1.9771862,-1.1481397
401,-1.9882963,-1.0905541,-0.55725646,-2.2547064,-1.9368565,-2.0407603,-1.6097164,-2.1378314,-2.8356102
402,-0.90700793,0.4464749,0.7784467,-1.1704333,-7.0362215,-3.5923922,0.18660685,-4.7207956,-1.0344621
403,-1.6352744,-2.876559,-1.0936301,-1.9536656,-4.4809566,-3.5812197,-1.0926093,-4.207633,-1.6639451
404,0.04892338,1.0790756,0.16407439,-0.57072663,-7.9480624,-4.1117826,1.2222161,-5.3527746,-0.13163498
405,0.115278825,0.7253702,1.1277362,-1.3789918,-10.300458,-5.8360076,1.0087494,-6.5019073,-1.6122261
406,-4.0698833,-3.9707458,-5.956372,-4.1857495,-2.9278445,-2.8122802,-3.1078107,-4.837124,-6.504638
407,-1.3588492,-2.749009,0.057718746,-1.8572971,-8.349902,-4.6295547,-2.3344812,-4.9822617,-2.118668
408,-1.4500139,0.13700354,-0.6620915,-1.6014082,-3.9186447,-2.2845175,-0.38512838,-3.2806504,-0.2884156
409,-3.4679184,-5.158316,-4.767518,-2.938308,-3.1775472,-3.1821446,-3.966507,-4.337084,-5.578388
410,-2.957786,-2.9009285,-3.6296973,-3.6753492,-7.099387,-3.9937336,-2.5391762,-4.748628,-4.155917
411,0.3662085,-0.6281223,-1.9098645,-1.5670786,-5.1980553,-2.883903,-0.2873516,-3.233565,-2.1890104
412,-1.1000224,-1.8389502,-0.6098301,-2.6831794,-8.140772,-4.724378,-1.5009041,-4.8446875,-2.1597688
413,-1.439284,-2.6500587,0.050151873,-1.9026783,-3.792716,-3.8428657,-0.366934,-4.3040924,-0.836759
414,-4.597,-3.3478768,-4.997404,-3.8391218,-4.3221536,-3.2609093,-3.4253292,-4.8568525,-5.1823683
415,-3.4243891,-3.4817066,-3.6735625,-3.2656972,-7.864209,-4.0663996,-2.6301267,-6.783024,-2.9914446
416,-1.7693428,-2.129027,-4.42078,-2.5583396,-5.7287793,-3.4521153,-1.6913875,-3.7340965,-4.576813
417,-0.39413536,-0.544537,-1.3207859,-2.1577778,-7.334447,-3.3331778,-0.5949466,-3.6121347,-2.21884
418,0.22742704,0.041510664,0.07624416,-2.8224697,-1.8702779,-2.81562,1.8088598,-4.1535325,-3.0381227
419,-1.4651215,-0.6403133,-0.6087898,-2.3226378,-2.3064208,-2.9043233,-0.63282603,-2.9452639,-3.7759986
420,-1.9457046,0.11044631,0.5483739,-0.7959643,-6.157414,-2.5691333,0.81186783,-4.8452845,0.055965513
421,-2.2389035,0.799757,-0.81411564,-0.571388,-3.1320305,-2.3808177,-0.20694475,-3.3624692,-0.015780658
422,0.22310334,-0.18618503,1.1987467,-1.5731928,-6.953631,-4.8047056,0.64744353,-4.362995,-1.7609057
423,-1.0241096,1.1748371,-0.6783183,-0.74353445,-6.5129013,-2.2807047,-0.07043466,-4.667588,-0.434566
424,-1.5360047,0.9375163,0.4852652,-1.0154402,-4.30977,-3.0593822,0.9903892,-3.5605862,-1.4972583
425,-3.6305232,-1.0154728,-2.3266158,-0.35208327,-1.9025285,-3.0041962,-1.6905308,-3.9397388,-1.6973457
426,0.85131043,-0.065111876,-0.15207008,-1.6346284,-6.914747,-4.0501876,0.4634398,-3.355892,-1.6132205
427,-1.6872053,0.5918987,0.4730364,-1.0504401,-7.2393565,-2.8071163,0.34533182,-5.6613407,0.42330632
428,0.47148725,-1.039266,-0.6325923,-2.10149,-3.3447278,-3.139263,1.1108199,-2.467206,-2.7516327
429,-2.5087044,-3.1973271,-2.6508484,-4.0958495,-4.120779,-3.602616,-2.8896687,-3.7871118,-5.6727533
430,-1.0692663,-1.7417485,-3.3157508,-1.4099507,-4.5641527,-2.6521683,-1.4155107,-3.5045114,-2.7927508
431,-1.5620292,0.79205346,-0.97146165,-1.1312386,-2.3759892,-2.332338,1.0172827,-2.029565,-1.5293518
432,-0.5928969,-0.2633748,-1.0989491,-0.84054273,-4.117003,-2.5906143,-1.3043225,-2.2622044,-1.3572286
433,-0.58243763,-1.5239831,-0.0039349496,-1.585177,-9.25886,-5.4425035,-0.6666424,-4.777543,-0.8134277
434,-1.1989822,-2.249357,-1.9554335,-1.5478516,-6.5212307,-3.7843204,-2.1222265,-3.774474,-1.4879009
435,0.4622124,-0.31186497,-2.4123073,-1.8294309,-7.2782393,-2.599533,-1.6099702,-4.139624,-1.7208675
436,-0.8528168,-1.6299936,-1.3785387,-1.3904309,-3.5589783,-2.986685,0.38764277,-3.2703233,-2.3245842
437,-1.0958186,-2.4704719,-1.6290741,-2.4274125,-6.7703667,-3.811981,-1.4201074,-4.274214,-2.3977702
438,-1.440045,-2.7275977,-0.5100363,-2.021931,-7.743193,-4.6387014,-1.5168383,-5.687744,-1.1796961
439,-1.5526724,1.4637309,-2.1742713,-1.7255547,-5.6283064,-2.1131575,0.16139972,-3.5526788,-1.1611087
440,0.7953735,-1.355702,-0.47469726,-2.5068173,-6.560395,-5.2929378,1.8764166,-4.386729,-2.2282095
441,-1.1913621,0.12985617,-0.7016771,-2.1162848,-2.8691208,-2.3526838,0.3500624,-2.4105773,-1.0779207
442,-0.72228074,0.68189985,-0.23581415,-0.9847096,-6.969587,-3.0473058,-0.15014882,-3.8620245,-0.7796656
443,-0.10143486,-0.06997098,-0.69526887,-1.4636762,-6.445064,-3.3538713,1.1476251,-4.0877485,-0.59191704
444,-1.384897,-0.5052171,-0.41221982,-1.7652733,-8.80172,-3.1482863,-0.99672073,-5.6474996,-0.6540458
445,-2.6014113,-4.265439,-2.7153158,-2.1380725,-4.3930597,-3.4267871,-1.2214226,-4.6646366,-4.222144
446,-2.1325676,-1.1346157,-4.912525,-1.2081362,-2.7103338,-2.4916918,-1.4718401,-2.7980852,-3.1487978
447,1.071659,0.25616565,-1.3271137,-2.015995,-8.26676,-3.6852493,2.3440528,-5.0926833,-1.4645967
448,-5.53298,-3.4374075,-7.0608616,-4.334636,-3.3322668,-3.1608896,-4.8989553,-4.957144,-6.9212804
449,-2.4156961,-2.7677958,-2.6061664,-2.312724,-7.762956,-4.1551824,-1.7760377,-5.3429766,-4.331514
450,-2.098674,-3.6879807,-3.1884723,-2.0772083,-2.6681824,-2.4933136,-0.23232211,-4.2237663,-3.85958
451,-0.114125825,-0.7485455,-1.8275042,-1.5867978,-4.6077127,-2.1631587,-0.26145637,-2.4986246,-2.4278536
452,-2.0711331,-3.4027936,-2.7101521,-2.4492393,-4.459642,-3.9423418,-0.86567634,-4.1594296,-3.4849002
453,-0.43055335,-1.216158,-2.3139393,-2.1497815,-6.0496345,-3.08405,-1.8402795,-3.171508,-2.1769893
454,-2.763102,-5.0163426,-1.6920913,-3.3008962,-8.222419,-4.891594,-3.151078,-6.0140853,-3.8678281
455,-2.2902493,-1.493889,-1.8633298,-1.8741324,-1.0689502,-2.34837,-1.1836234,-2.971044,-4.1659436
456,-3.6737833,-5.7189837,-2.576299,-5.4528255,-6.1183586,-3.9935398,-4.4378567,-4.7964416,-5.7130523
457,-3.7721097,-4.8720417,-4.0100565,-3.9783394,-2.9905186,-3.4109142,-2.8013794,-5.2845764,-5.8133836
458,-1.5902832,-2.4188356,-0.9641389,-2.384403,-6.5609035,-4.0624304,-1.3557583,-4.545663,-2.5055466
459,-1.715645,-2.8827317,-0.5575118,-3.370357,-12.125434,-6.829821,-2.651887,-6.6112366,-2.9129417
460,-0.30830273,-0.4015112,-0.09820229,-0.8712167,-6.2357745,-3.3154101,-0.07423517,-4.6298175,-0.43659544
461,-1.3055294,-2.7093723,-3.5935564,-1.9788724,-5.6785803,-2.2648296,-1.2300928,-3.414086,-3.9898317
462,-2.7923005,-3.0267463,-2.8578708,-2.1925662,-1.1997279,-2.95841,-0.4961295,-4.196799,-4.2350445
463,-1.1117816,-2.218001,-4.3829193,-2.6459959,-4.6653686,-3.1764567,-3.1596363,-2.804757,-3.888745
464,-2.322894,-3.5213957,-0.9159817,-2.858355,-7.6744113,-4.9255695,-2.9340982,-5.5377536,-2.720798
465,-0.21214977,1.2389,-0.48254272,-1.8742911,-7.1219707,-2.8239195,1.3024985,-3.8977554,-1.7185482
466,-0.5258665,-1.9363086,-2.0198295,-3.2353165,-6.4885736,-4.2756023,-0.6003732,-3.557441,-2.7387607
467,-0.6199586,-1.6164402,-1.5253346,-1.3825567,-6.355157,-2.5658264,-1.0618987,-3.0643604,-1.9417834
468,-0.6901225,-1.6506925,-1.5309523,-2.0556953,-6.2883105,-3.9726293,-2.2102082,-3.076399,-2.100625
469,-0.96581304,-1.0239103,0.68827784,-1.3741531,-8.737555,-4.3759866,-0.08130482,-5.0320997,-0.30088207
470,-0.024842575,-0.6658862,-0.4121981,-2.088836,-3.6476676,-3.651,1.9544566,-2.8580465,-1.2610341
471,-2.3813648,-4.1700892,-2.8560276,-2.914923,-7.67733,-3.8320425,-2.9633102,-4.8408155,-3.9102993
472,-0.77450687,-0.84336615,-1.8164258,-1.5232182,-4.564201,-1.9913564,0.5012723,-2.9280975,-2.0045166
473,0.21147464,0.31539637,-1.238819,-2.6003807,-2.8357034,-2.7798026,0.66760385,-1.2309687,-3.2628934
474,0.32312754,-0.12162927,0.93663335,-1.769996,-4.123084,-3.9646006,1.13866,-3.4105322,-1.5954144
475,-2.7854621,-3.7131958,-3.03781,-2.2768753,-4.4108458,-3.441788,-2.8508642,-4.3684897,-3.9832582
476,-4.522952,-5.618693,-6.040271,-4.5583587,-4.0254636,-2.85089,-2.7054343,-5.7475853,-6.9970055
477,-1.8018627,-2.3494854,-1.893384,-3.0750093,-6.2520213,-4.690307,-2.8193777,-3.7920783,-3.4136362
478,0.17237386,-0.7425714,-0.9747071,-2.4311347,-2.9628263,-3.519908,1.0953472,-3.429474,-2.4152098
479,-0.9735874,-1.8991023,-0.46703437,-1.7487532,-2.8871655,-3.069944,0.41850698,-3.3852084,-1.1025978
480,-2.831601,-3.678427,-3.3846138,-2.5159886,-7.0563803,-3.474138,-1.8653328,-4.8496733,-3.0778086
481,-2.8110986,-4.7997003,-2.20027,-3.7465608,-4.999698,-3.5763075,-3.0259838,-5.4361043,-3.4944265
482,-1.4182632,-0.29735097,-0.36617786,-2.6310687,0.65142846,-2.4748783,1.4658822,-3.7482033,-2.6819954
483,-2.3751056,-2.0727043,-2.392811,-3.1798608,-7.939588,-3.9874756,-1.4266989,-6.1455626,-2.2000442
484,-2.9231615,-2.4082546,-4.3036594,-1.8642609,-0.5843704,-2.3326075,-0.7597347,-3.558468,-3.9175622
485,-2.0502272,-0.6199596,-0.75905764,-1.0714803,-5.354365,-2.8758059,-0.5084251,-4.579988,0.23815909
486,0.011062694,0.6460588,-0.9979911,-1.1563191,-5.226733,-3.7574453,1.3308982,-4.615326,-0.8163851
487,-0.94665486,-2.3234367,-0.99655914,-2.3195813,-7.2008,-4.5458198,-1.5442328,-4.057853,-2.2171955
488,-1.6234039,1.4527065,-0.8195556,-1.1500037,-6.24348,-3.3557913,0.300583,-4.2942886,-0.3798448
489,-1.7680622,-2.4029546,-2.617227,-1.6098272,-5.4064302,-3.0697086,-1.0164874,-3.8967063,-3.0482516
490,-0.8949002,-0.29780108,-2.2097113,-1.340229,-4.970886,-3.1642675,-0.017925099,-3.7334535,-0.952639
491,-0.617817,0.51161486,-0.5712837,-0.3334021,-7.3403935,-2.6569154,0.21748117,-4.6218586,0.48893297
492,-2.9562085,-3.2317345,-2.0638912,-2.211919,-4.054639,-3.8903518,-2.166447,-4.551814,-2.40131
493,0.34693325,-0.8519308,2.1846728,-1.4635607,-7.632632,-5.5868855,1.1592976,-5.48716,-1.6452037
494,-3.5192451,-2.8883579,-4.3003306,-3.8444383,-6.762874,-3.497909,-2.1908839,-4.288493,-4.1430163
495,-2.3995357,-2.999213,-3.9857204,-1.9362233,-1.447545,-2.4632545,-2.595651,-2.6294677,-4.9905953
496,-1.3751436,-0.116338536,-2.2580707,-0.95289487,-3.1361027,-2.2870262,-0.28821272,-3.1028779,-1.0647215
497,0.6718845,0.45082572,-1.9918419,-2.608106,-3.9527242,-2.2353442,1.4801843,-2.197081,-2.302599
498,-0.5034835,-0.47690514,-2.5499659,-2.005692,-7.5354323,-4.089606,-1.260202,-2.9948006,-2.7171915
499,-0.23484296,-1.0172408,1.0452901,-1.8503997,-6.1345696,-5.480942,2.9641957,-5.587611,-1.1724672
500,-0.3954099,-0.49918664,-1.8076836,-2.1020389,-7.001536,-4.6651807,0.4439123,-4.209636,-1.1365417
501,-3.4328375,-4.905703,-4.4714494,-3.3890984,-2.7541242,-2.7744393,-2.4040833,-5.4483447,-5.172657
502,-5.82954,-6.2719054,-7.761101,-6.2687736,-6.462092,-3.571106,-5.104419,-6.522757,-8.97418
503,-0.7412426,-1.2758989,-0.8741547,-1.7295687,-3.2842867,-2.7797267,-0.44786996,-3.4171975,-1.5240206
504,-2.187466,-3.672683,-2.0767345,-2.0188036,-5.169041,-4.3653917,-2.871369,-4.173353,-2.7693686
505,-5.079914,-6.016054,-6.6375003,-4.1066895,-5.9223413,-3.9365091,-3.9336185,-6.2179384,-7.4321156
506,-1.2058219,-0.28054878,-0.32621503,-1.7196112,-7.6077642,-3.1148121,0.34052536,-5.634002,0.26125884
507,-0.5570082,-1.1957072,0.9020534,-1.4954224,-6.23339,-4.9675016,0.86376554,-4.9692974,-0.7178465
508,-1.4092276,-0.62552357,-2.4520683,-1.5127219,0.26490372,-1.7486627,-0.08069803,-1.2648033,-3.6988573
509,-3.766266,-4.566431,-5.2553015,-3.865901,-4.822374,-4.1514444,-3.998188,-5.8120556,-5.4180493
510,0.95522255,-0.33960283,-1.5755109,-2.2662246,-6.7722845,-2.466463,0.44603372,-3.2181695,-2.3888109
511,-2.898831,-3.5715902,-2.3367543,-2.724081,-8.439737,-4.264706,-2.4204886,-5.874222,-2.8760154
512,-1.6928135,-3.4894743,-1.2573206,-3.1781676,-5.754158,-4.562525,-1.0866969,-5.4581237,-4.6473327
513,-1.9371814,-1.5310813,-4.9193015,-1.8680336,-1.2136891,-1.5027915,-1.5353094,-2.0798264,-4.7842555
514,-3.4128768,-5.609147,-4.310291,-3.422707,-6.257696,-3.5771408,-2.701254,-5.391309,-4.8691163
515,-0.8595725,-0.78490067,-0.833571,-2.8074496,-1.9098054,-3.3576581,0.26632544,-4.5133467,-2.9818447
516,-0.3890908,-0.200859,-0.30801725,-1.2208358,-6.4155855,-3.0404472,0.2042566,-4.2479897,0.0017024279
517,-2.0318573,-1.7062798,-0.48611915,-2.9840145,-3.701633,-2.3198678,-0.070551544,-4.6547604,-1.9874457
518,-4.300906,-2.4372718,-4.646193,-2.8293798,-1.3098085,-2.8032598,-2.7543917,-4.4279284,-4.829995
519,-3.5086956,-3.1431944,-4.8874106,-4.677766,-5.603441,-2.9980927,-3.8399427,-4.849723,-7.496735
520,-0.991157,-1.1334506,0.35071912,-0.6089801,-4.2988434,-3.1374235,-0.3516813,-3.3178217,-0.3608014
521,-2.2476032,0.35707754,-0.36933988,-0.55814373,-3.6517594,-2.524131,-1.0089145,-3.5489278,0.8924159
522,-4.2983136,-5.2083383,-4.0474334,-4.8151503,-5.6852922,-3.7944105,-2.3847864,-5.7676425,-5.5850387
523,-0.813383,-1.1033543,-1.1986747,-1.1573293,-2.718421,-2.686698,-0.2967949,-3.428037,-3.2218997
524,-4.6302457,-4.628179,-5.595382,-3.6626966,-2.8013098,-2.5800617,-1.7427989,-5.1771164,-6.3097143
525,-7.087609,-5.621468,-6.779421,-6.905041,-5.038761,-2.5363462,-4.9796224,-6.4563756,-9.945078
526,-0.8585354,-1.7710104,-0.52674377,-2.2808793,-4.563036,-3.7919571,-0.6981855,-4.3366065,-2.516301
527,-3.8532424,-3.1350663,-2.6477997,-3.0457532,-0.09335463,-1.5554023,-0.2490603,-4.8599157,-6.203602
528,-0.1369096,-0.51252526,-0.9228041,-1.2582186,-5.6773276,-3.7053854,0.3711248,-3.7476017,-0.3033626
529,-1.0146401,-2.3580353,-0.8914834,-1.4896255,-2.7875934,-2.584976,-1.5154133,-2.9625075,-2.4727058
530,-5.592151,-5.349544,-5.1625147,-4.905424,-7.3826385,-4.260468,-2.5926442,-6.8025913,-5.438665
531,-4.6409874,-5.2506795,-7.2718453,-4.4219284,-3.115793,-2.9499643,-3.3641653,-5.257993,-8.475072
532,-1.3458415,-3.1670887,-4.9246125,-3.8865662,-7.6071835,-3.7345548,-2.429381,-5.210207,-4.69175
533,-4.966829,-3.307691,-6.178565,-3.85042,-1.7688895,-1.9095298,-2.249137,-5.0675416,-7.0592985
534,0.19918196,-0.19574594,0.6475325,-1.5333669,-4.047764,-3.4884725,1.646391,-3.2028246,-1.7943577
535,-0.7099749,-0.6461481,0.36416322,-1.0811334,-3.3875995,-2.5518217,0.67210007,-3.1212926,-0.97185534
536,0.41052285,-0.2863369,0.84287965,-1.8128793,-5.211523,-4.242712,1.1402831,-3.4542844,-2.3100088
537,0.45926934,-0.21562824,0.6093025,-1.3796271,-4.328181,-3.337016,1.6939528,-3.621884,-1.1634463
538,0.10224313,-0.26349452,1.449301,-0.9765634,-6.6074014,-5.107865,1.4413981,-5.223755,-0.7621281
539,-1.5912805,-1.9312289,-2.3722565,-2.7852776,-5.982194,-4.319412,-2.1879778,-3.571808,-3.4379816
540,-1.759548,-2.249099,-0.7124109,-2.5948772,-6.3066773,-2.6834111,-1.509814,-4.795034,-3.5741394
541,-4.862434,-3.8649187,-6.1364164,-5.332694,-3.4476395,-1.9643506,-3.243868,-4.2057076,-7.367208
542,-1.4212159,-1.3677067,-1.4851761,-1.6699271,-5.5621986,-2.2665565,-1.7513387,-3.9064157,-1.0481571
543,-3.2451365,-3.3325858,-4.919185,-3.211523,-4.2386518,-3.0990522,-3.126596,-4.1732855,-5.2993298
544,-3.2980323,-3.5080729,-4.587149,-3.76494,-6.676192,-4.2238393,-2.2794251,-5.3355365,-4.7711115
545,-2.2546313,-1.9125103,-1.5098957,-1.7104474,-3.052589,-3.0775266,-1.4825164,-3.330209,-1.3813919
546,-2.0468493,-2.9588945,-2.7636373,-2.1365376,-3.0053785,-4.1411595,-1.7042623,-4.712694,-3.3074992
547,-0.31339988,-1.9786896,-1.7223824,-1.8370976,-2.8376865,-2.7146842,-0.8130799,-2.7074072,-3.3554294
548,-1.0426176,-2.1140828,-1.300487,-2.769426,-6.67615,-3.629747,-1.2266448,-5.1151576,-2.0609562
549,-1.0802591,0.1085441,-1.2014829,-2.9151347,-7.9037976,-3.8458188,-0.33417392,-4.9163547,-2.5841732
550,0.12117328,-1.2159572,-0.7732283,-1.9401355,-5.9747453,-3.065303,0.3100531,-2.8915,-2.9954922
551,-1.380732,-3.0302463,-1.6954223,-3.3146036,-7.479849,-4.383274,-1.621902,-4.571898,-5.82296
552,-3.0812495,-2.2732441,-3.8246388,-2.2243848,1.4757583,-1.355507,-0.2582956,-3.3732421,-4.7460723
553,-1.9495428,-1.782915,-3.0009015,-2.0709944,-0.17357183,-1.537488,-1.0222263,-2.0272079,-4.1888294
554,-1.4299271,-0.20981847,-0.88342553,0.03512229,-5.0263567,-2.2084055,-1.4490024,-3.533392,-0.33581018
555,-1.1351098,-2.2718725,-0.97930545,-2.4054956,-7.086157,-4.4977827,-1.296071,-4.9581003,-1.9990779
556,-1.2972237,-0.6583255,-2.748486,-1.9537193,-2.2177155,-2.7297118,-1.2063106,-3.0163202,-3.0736668
557,-2.845788,-3.7324452,-2.6670315,-4.8215423,-8.183806,-3.8789907,-3.4773397,-5.249213,-5.822498
558,-1.9512311,-3.3691823,-1.9375576,-2.347613,-2.3122838,-3.764319,-0.53661096,-4.4981136,-3.2630095
559,-4.0564766,-1.1710331,-7.1183033,-2.686597,-2.8272393,-2.5747588,-4.1402454,-4.0281386,-5.645239
560,-5.216644,-5.725999,-5.355298,-6.429085,-6.5031705,-3.4469326,-3.9222574,-5.9726987,-7.9922566
561,-0.4874052,-1.6944731,-1.9641907,-1.4712577,-3.5313478,-1.9331846,-1.2442254,-2.154058,-4.593865
562,-2.1587453,-1.9113437,-1.1231986,-0.7101214,-5.102849,-3.792193,-1.9020509,-4.219558,-0.57462484
563,-2.0731485,-2.8414135,-3.866079,-2.785479,-5.56061,-2.756896,-2.777734,-2.6072078,-4.598185
564,-4.191267,-3.517355,-4.7054987,-3.1975904,-0.41355637,-1.9733627,-1.1519293,-5.322085,-6.0282836
565,-3.456679,-4.7734838,-2.1821735,-3.6982162,-7.8248286,-4.574698,-3.2032337,-5.8410454,-4.085714
566,0.044828918,-1.0481186,-2.1036248,-2.6041589,-7.233859,-3.789144,-0.2328367,-4.9881454,-2.4361463
567,-1.8839597,-0.7308651,0.9084931,-0.6294693,-1.3346545,-3.1688428,1.3118604,-4.1563225,-1.385441
568,-2.5044034,-3.5708342,-2.5091047,-2.9293668,-1.3549535,-2.564668,-1.1780357,-4.094544,-3.7336502
569,-1.27074,-2.1146872,-1.2863123,-1.3705978,-3.9495647,-3.0917385,-1.0016042,-3.1795797,-1.236208
570,-0.2182197,-1.6740443,0.50763375,-1.2483218,-3.1340163,-3.5252538,1.3585876,-3.8441634,-1.191715
571,-2.7182715,-3.9130237,-1.6216241,-2.8260374,-2.9083858,-3.7531807,-1.7862195,-5.033704,-3.4898908
572,0.04428594,-0.102647364,-0.14651954,-2.3466318,-11.320451,-5.611228,-0.31666502,-6.6423984,-1.9892641
573,-0.29719186,0.9610683,1.3792415,-1.4374709,-10.927284,-5.521455,1.8218093,-7.684847,-0.012713119
574,-0.69634086,-0.6144351,0.056763664,-1.3723521,-3.6575859,-2.7522717,0.10042198,-2.8931994,-0.2810683
575,1.3828837,-0.30061218,0.0339258,-1.5790312,-8.995974,-5.320572,1.34538,-4.4612017,-1.679764
576,-4.666183,-4.1464643,-4.71313,-5.0964212,-8.552993,-4.3281145,-2.9816437,-6.3034554,-7.132638
577,-6.446513,-3.7148786,-8.925445,-6.226001,-2.97926,-1.2833776,-3.235265,-4.8955083,-9.360723
578,-5.5788245,-2.664554,-7.3803754,-4.6739593,-3.9545734,-2.302387,-2.8269615,-4.2865086,-6.6748047
579,-1.1123964,-3.0535696,-4.908233,-3.2252076,-7.4542613,-3.5886905,-2.8162694,-4.3629527,-4.3747144
580,-6.8600993,-4.119328,-9.124524,-6.7284937,-3.4139953,-1.836438,-3.8837256,-5.063819,-9.3618145
